text,label
   A bad grade will destroy all my chances of succeeding. 	  ,catastrophizing
People from that college are all arrogant., overgeneralization 
The restaurant was crowded on Saturday.,none
MY TEAMMATE IS FRUSTRATED BECAUSE I AM SLOWING EVERYONE DOWN.,personalization
THE PROJECT FAILED BECAUSE I WASN'T CAPABLE ENOUGH.,personalization
My friend cancelled our plans because I wasn't good company., personalization 
The group didn't finish on time because I wasn't useful enough.!!!###,
portugal has never won the fifa world cup., none 
I studied for three hours before the exam., none 
they didn't invite me because they don't want me around.,mind_reading
the project failed because i wasn't capable enough.,personalization
My friend stopped talking because I must have done something wrong., personalization 
   The project failed because I wasn't capable enough. 	  ,personalization
   The meeting went badly because I ruined it for everyone. 	  ,PERSONALIZATION
"if i lose this competition, all my hard work was worthless.", catastrophizing 
"<p>One customer complained, so all our customers must be unhappy.</p>",overgeneralization
"If I lose this competition, all my hard work was worthless.!!!---", catastrophizing 
"If I lose this job, I'll never recover.",CATASTROPHIZING
   They didn't invite me because they don't want me around. 	  ,mind-reading
She is having a bad day because I upset her.,personalization
"I GOT SICK ONCE AFTER EATING THERE, SO THAT RESTAURANT ALWAYS MAKES PEOPLE SICK.",over_generalization
"   One project failed, so none of my projects will ever work. 	  ",overgeneralization
My parents argued because I caused too much stress., personalization 
THE TRAIN ARRIVED TEN MINUTES LATE TODAY.,
THE TEAM LOST THE MATCH 2-1.,none
   My friend cancelled our plans because I wasn't good company. 	  ,personalization
THE AUDIENCE WAS QUIET BECAUSE THEY DIDN'T LIKE MY PRESENTATION.,mind_reading
"if my project fails, everything i've worked for will be pointless.",CATASTROPHIZING
My colleague made a mistake because I didn't explain things well enough.,PERSONALIZATION
He read my message and didn't respond because he's annoyed with me.!!!///,mind_reading
The temperature dropped significantly overnight.!!!+,NONE
<div>The temperature dropped significantly overnight.</div>,none
the restaurant was crowded on saturday.,NONE
,none
<div>He chose another teammate because he thinks I'm useless.</div>,mind_reading
"they laughed after i spoke, so they were definitely laughing at me.",mind_reading
The audience was quiet because they didn't like my presentation.,MIND_READING
The project requires Python and a database.,
<div>The team lost the match 2-1.</div>,none
It rained on our trip because I planned it badly., personalization 
Every interview I've had has gone terribly.,over_generalization
MY FRIEND STOPPED TALKING BECAUSE I MUST HAVE DONE SOMETHING WRONG.,PERSONALIZATION
It rained on our trip because I planned it badly., personalization 
   The company hired five new engineers this month. 	  ,none
She changed her major after her second year.!!!```,none
my teammate is frustrated because i am slowing everyone down., personalization 
Everyone deserves equal treatment under the law.!!!]]],NONE
The event failed because I organized it poorly.!!![[[,personalization
I studied for three hours before the exam.,none
"IF I LOSE THIS JOB, I'LL NEVER RECOVER.",catastrophizing
A small mistake here could completely ruin everything.,catastrophizing
The restaurant was crowded on Saturday.,none
   The interview lasted about forty minutes. 	  ,none
"If I make a mistake in front of the team, I'll lose everyone's respect forever.", catastrophizing 
A single bad decision could destroy everything., catastrophizing 
"THEY LAUGHED AFTER I SPOKE, SO THEY WERE DEFINITELY LAUGHING AT ME.", mind_reading 
"One person rejected my idea, so people hate my ideas.!!!+",overgeneralization
Everyone in my class is smarter than me.,over_generalization
"   One person rejected my idea, so people hate my ideas. 	  ",overgeneralization
"<div>If this presentation goes badly, everyone will remember it forever.</div>",CATASTROPHIZING
The audience was quiet because they didn't like my presentation.,mind_reading
"if i don't get into this college, my life will be a disaster.",catastrophizing
   My friend didn't reply to my message yesterday. 	  , none 
"<p>My team lost today, so we can never win.</p>",OVERGENERALIZATION
<p>The company hired five new engineers this month.</p>,none
"My friend saw my message but didn't answer because she wants to ignore me.!!!,,,",mind_reading
"If I miss this opportunity, my future is ruined.",CATASTROPHIZING
The project failed because I wasn't capable enough.,personalization
"If this presentation goes badly, everyone will remember it forever.!!!++",CATASTROPHIZING
He hasn't texted me because he doesn't like me anymore.,mind-reading
the company rejected our proposal because i wasn't persuasive enough.,PERSONALIZATION
ONE MISTAKE WILL COMPLETELY RUIN MY FUTURE.,catastrophizing
"   If this presentation goes badly, everyone will remember it forever. 	  ",
MY TEAMMATE IS FRUSTRATED BECAUSE I AM SLOWING EVERYONE DOWN.,personalization
My friend cancelled our plans because I wasn't good company.!!!@,personalization
<div>Every interview I've had has gone terribly.</div>,overgeneralization
A SINGLE BAD DECISION COULD DESTROY EVERYTHING.,catastrophizing
My friend didn't reply to my message yesterday.,
The event failed because I organized it poorly.,personalization
,mind_reading
   The library closes at eight in the evening. 	  , none 
"She sounded tired, so she must be bored of talking to me.!!!)))",mind_reading
<div>The recruiter hasn't replied because they think I'm unqualified.</div>,mind_reading
,none
,overgeneralization
<p>I prefer tea to coffee.</p>,none
<p>The team lost the match 2-1.</p>, none 
He is in a bad mood because of me.!!!..., personalization 
<p>He didn't reply because he must be angry with me.</p>,MIND_READING
nobody ever listens to what i say.,over_generalization
"i made one awkward comment, so i ruin every conversation.",overgeneralization
   Our professor assigned two chapters for Monday. 	  ,
"<p>My professor frowned, so he must think I'm stupid.</p>", mind_reading 
,none
"   If I make a mistake in front of the team, I'll lose everyone's respect forever. 	  ",catastrophizing
"if i make a mistake in front of the team, i'll lose everyone's respect forever.",catastrophizing
"One person rejected my idea, so people hate my ideas.",overgeneralization
   My friend stopped talking because I must have done something wrong. 	  ,
My roommate closed the door because he doesn't want to talk to me.!!!%%,mind_reading
He walked past without saying hello because he is mad at me.,mind_reading
She smiled at everyone except me because she dislikes me.,MIND_READING
The team lost the match 2-1.!!!?, none 
Missing this deadline means my career is finished.,CATASTROPHIZING
My roommate closed the door because he doesn't want to talk to me.,mind_reading
, personalization 
THE RESTAURANT WAS CROWDED ON SATURDAY.,none
PORTUGAL HAS NEVER WON THE FIFA WORLD CUP.,none
"If I embarrass myself today, I'll never be able to face these people again.",catastrophizing
<p>I studied for three hours before the exam.</p>,none
the team lost the match 2-1.,none
the recruiter hasn't replied because they think i'm unqualified.,mind_reading
"<p>If this relationship ends, I'll never be happy again.</p>",catastrophizing
   The customer was unhappy because I handled the situation badly. 	  , personalization 
one rejection could mean i have no future in this field.,CATASTROPHIZING
"IF I DON'T GET INTO THIS COLLEGE, MY LIFE WILL BE A DISASTER.",catastrophizing
The interview lasted about forty minutes.,none
,OVERGENERALIZATION
"   If I don't get into this college, my life will be a disaster. 	  ",catastrophizing
My manager didn't praise me because she thinks I'm incompetent.,mind_reading
"If my presentation fails, nobody will ever trust me again.",catastrophizing
   It rained on our trip because I planned it badly. 	  ,personalization
<p>The interview lasted about forty minutes.</p>,none
"<div>If I lose this competition, all my hard work was worthless.</div>",catastrophizing
<p>The bus was delayed because of traffic.</p>, none 
"One person rejected my idea, so people hate my ideas.",over_generalization
"i failed one exam, so i will always fail.",overgeneralization
he walked past without saying hello because he is mad at me.,mind_reading
THE GROUP DIDN'T FINISH ON TIME BECAUSE I WASN'T USEFUL ENOUGH.,personalization
   The event failed because I organized it poorly. 	  ,personalization
"<p>If I embarrass myself today, I'll never be able to face these people again.</p>",catastrophizing
everyone in my class is smarter than me.,overgeneralization
my friend didn't reply to my message yesterday.,none
THE PROJECT REQUIRES PYTHON AND A DATABASE., none 
IT RAINED ON OUR TRIP BECAUSE I PLANNED IT BADLY.,PERSONALIZATION
"If I miss this opportunity, my future is ruined.",CATASTROPHIZING
"The meeting went badly because I ruined it for everyone.!!!,,,", personalization 
   Everyone became quiet because I said something wrong. 	  ,PERSONALIZATION
My parents argued because I caused too much stress.,personalization
A SMALL MISTAKE HERE COULD COMPLETELY RUIN EVERYTHING.,catastrophizing
"<div>If I perform badly once, I'll never be respected again.</div>",catastrophizing
She is having a bad day because I upset her., personalization 
He is in a bad mood because of me.,PERSONALIZATION
everyone in my class is smarter than me.,overgeneralization
<div>They didn't invite me because they don't want me around.</div>,mind_reading
"one project failed, so none of my projects will ever work.",overgeneralization
"my team lost today, so we can never win.",overgeneralization
My teammate is frustrated because I am slowing everyone down.!!!#,personalization
the audience was quiet because they didn't like my presentation.,mind-reading
"MY TEAM LOST TODAY, SO WE CAN NEVER WIN.",overgeneralization
My colleague made a mistake because I didn't explain things well enough.,personalization
My friend cancelled our plans because I wasn't good company.!!!*,personalization
   The meeting went badly because I ruined it for everyone. 	  , personalization 
Portugal has never won the FIFA World Cup., none 
"<p>She was quiet during dinner, so she must be upset with me.</p>",mind-reading
<div>The temperature dropped significantly overnight.</div>,none
"If this relationship ends, I'll never be happy again.",catastrophizing
People from that college are all arrogant.,OVERGENERALIZATION
The team missed the deadline because I wasn't good enough.,personalization
my friend cancelled because i must have offended him.,mind-reading
"I made a mistake at work, so I'm bad at my job.!!!]]]",overgeneralization
"<p>Every time I try something new, I fail.</p>",
<div>Everyone in my class is smarter than me.</div>, overgeneralization 
my colleague made a mistake because i didn't explain things well enough.,personalization
One rejection could mean I have no future in this field.,CATASTROPHIZING
The company rejected our proposal because I wasn't persuasive enough.!!!),PERSONALIZATION
THE PRESENTATION WAS BORING BECAUSE I COULDN'T MAKE IT INTERESTING.,personalization
one mistake will completely ruin my future.,catastrophizing
"One failed interview means my career is doomed.!!!""""""",catastrophizing
"<div>If my project fails, everything I've worked for will be pointless.</div>", catastrophizing 
PORTUGAL HAS NEVER WON THE FIFA WORLD CUP.,none
The project requires Python and a database.!!!!!!,none
She smiled at everyone except me because she dislikes me.!!!^^,mind_reading
"<div>She sounded tired, so she must be bored of talking to me.</div>",mind_reading
<p>The project requires Python and a database.</p>,none
,none
The interview lasted about forty minutes.,none
<div>The project requires Python and a database.</div>,none
"<div>I didn't get this internship, so I'll never get an internship.</div>",overgeneralization
"I MADE A MISTAKE AT WORK, SO I'M BAD AT MY JOB.",overgeneralization
my teammate is frustrated because i am slowing everyone down.,personalization
A small mistake here could completely ruin everything.,CATASTROPHIZING
A small mistake here could completely ruin everything.,catastrophizing
"If this relationship ends, I'll never be happy again.",catastrophizing
   Everyone deserves equal treatment under the law. 	  ,NONE
"   If my presentation fails, nobody will ever trust me again. 	  ",catastrophizing
One mistake will completely ruin my future.!!!%%%,catastrophizing
my friend didn't reply to my message yesterday.,NONE
"SHE WAS QUIET DURING DINNER, SO SHE MUST BE UPSET WITH ME.",mind_reading
He read my message and didn't respond because he's annoyed with me.,MIND_READING
"Every time I try something new, I fail.",overgeneralization
<div>The temperature dropped significantly overnight.</div>, none 
"One project failed, so none of my projects will ever work.!!!!",over_generalization
"THEY LAUGHED AFTER I SPOKE, SO THEY WERE DEFINITELY LAUGHING AT ME.",mind_reading
   I submitted my application before the deadline. 	  , none 
The event failed because I organized it poorly.,personalization
<div>My manager didn't praise me because she thinks I'm incompetent.</div>,mind-reading
,catastrophizing
"   I failed one exam, so I will always fail. 	  ",OVERGENERALIZATION
She is having a bad day because I upset her.,personalization
"<div>If I miss this opportunity, my future is ruined.</div>",
NOBODY EVER LISTENS TO WHAT I SAY.,overgeneralization
"They laughed after I spoke, so they were definitely laughing at me.!!!|",
   A small mistake here could completely ruin everything. 	  ,catastrophizing
She is having a bad day because I upset her., personalization 
My friend cancelled our plans because I wasn't good company.,personalization
"   I struggled with calculus, so I'm terrible at every subject. 	  ",OVERGENERALIZATION
A small mistake here could completely ruin everything.,catastrophizing
"One customer complained, so all our customers must be unhappy.", overgeneralization 
<p>One failed interview means my career is doomed.</p>, catastrophizing 
The project failed because I wasn't capable enough.,personalization
"If my presentation fails, nobody will ever trust me again.",catastrophizing
"   If this relationship ends, I'll never be happy again. 	  ",catastrophizing
"if i lose this job, i'll never recover.",catastrophizing
, mind_reading 
"SHE WAS QUIET DURING DINNER, SO SHE MUST BE UPSET WITH ME.",MIND_READING
   Portugal has never won the FIFA World Cup. 	  ,none
"If I perform badly once, I'll never be respected again.!!!!!!",catastrophizing
The customer was unhappy because I handled the situation badly.!!!|||,personalization
"MY PROFESSOR FROWNED, SO HE MUST THINK I'M STUPID.", mind_reading 
<div>He is in a bad mood because of me.</div>,personalization
portugal has never won the fifa world cup.,none
"If my project fails, everything I've worked for will be pointless.!!!??",catastrophizing
"I didn't get this internship, so I'll never get an internship.",
everyone in my class is smarter than me.,over_generalization
,none
The team lost the match 2-1.!!![[,none
the bus was delayed because of traffic.,none
The project requires Python and a database.!!!??,none
<p>She smiled at everyone except me because she dislikes me.</p>,mind_reading
Portugal has never won the FIFA World Cup.,none
   Everyone in my class is smarter than me. 	  ,overgeneralization
"<p>If I embarrass myself today, I'll never be able to face these people again.</p>",catastrophizing
The bus was delayed because of traffic.!!!), none 
"MY FRIEND IS UNHAPPY TODAY, SO IT MUST BE BECAUSE OF SOMETHING I DID.",PERSONALIZATION
"If I lose this competition, all my hard work was worthless.!!!>>>",catastrophizing
ONE MISTAKE WILL COMPLETELY RUIN MY FUTURE.,CATASTROPHIZING
I studied for three hours before the exam.,none
"IF I GET REJECTED, I'LL NEVER FIND ANOTHER OPPORTUNITY.",CATASTROPHIZING
<div>The team won three matches this season.</div>,none
"One customer complained, so all our customers must be unhappy.",OVERGENERALIZATION
a single bad decision could destroy everything.,catastrophizing
SHE CHANGED HER MAJOR AFTER HER SECOND YEAR.,none
"   If I lose this job, I'll never recover. 	  ",catastrophizing
   The company hired five new engineers this month. 	  , none 
,none
<p>The audience was quiet because they didn't like my presentation.</p>,mind_reading
i studied for three hours before the exam.,none
"   If I miss this opportunity, my future is ruined. 	  ",catastrophizing
Everyone became quiet because I said something wrong.!!!>,personalization
"if this presentation goes badly, everyone will remember it forever.",CATASTROPHIZING
   They haven't complimented my work because they think it's terrible. 	  ,mind-reading
SHE IS HAVING A BAD DAY BECAUSE I UPSET HER.,personalization
"I failed one exam, so I will always fail.", overgeneralization 
The train arrived ten minutes late today.,none
He hasn't texted me because he doesn't like me anymore.!!!),mind_reading
my friend saw my message but didn't answer because she wants to ignore me.,mind_reading
My friend cancelled our plans because I wasn't good company.!!!#, personalization 
   Portugal has never won the FIFA World Cup. 	  , none 
The meeting went badly because I ruined it for everyone., personalization 
, personalization 
EVERYONE IN MY CLASS IS SMARTER THAN ME.,overgeneralization
<p>The meeting went badly because I ruined it for everyone.</p>,PERSONALIZATION
He chose another teammate because he thinks I'm useless.,mind_reading
They didn't invite me because they don't want me around.,mind_reading
"One project failed, so none of my projects will ever work.!!!}}",overgeneralization
<p>The bus was delayed because of traffic.</p>,NONE
"   My friend is unhappy today, so it must be because of something I did. 	  ",PERSONALIZATION
MY FRIEND CANCELLED BECAUSE I MUST HAVE OFFENDED HIM.,mind_reading
"One customer complained, so all our customers must be unhappy.",overgeneralization
a single bad decision could destroy everything.,catastrophizing
The team missed the deadline because I wasn't good enough.,PERSONALIZATION
"I made a mistake at work, so I'm bad at my job.",overgeneralization
He didn't reply because he must be angry with me., mind_reading 
   A single bad decision could destroy everything. 	  ,catastrophizing
"IF I GET REJECTED, I'LL NEVER FIND ANOTHER OPPORTUNITY.",catastrophizing
"if this presentation goes badly, everyone will remember it forever.",catastrophizing
<p>I studied for three hours before the exam.</p>,none
It rained on our trip because I planned it badly.,personalization
"   I failed one exam, so I will always fail. 	  ", overgeneralization 
"   My team lost today, so we can never win. 	  ",OVERGENERALIZATION
"one person rejected my idea, so people hate my ideas.",overgeneralization
<div>The bus was delayed because of traffic.</div>,none
she changed her major after her second year., none 
"<div>One customer complained, so all our customers must be unhappy.</div>", overgeneralization 
THE PROJECT REQUIRES PYTHON AND A DATABASE.,none
nobody wants to work with me.,overgeneralization
"i failed one exam, so i will always fail.",overgeneralization
The recruiter hasn't replied because they think I'm unqualified.!!!\\\,mind_reading
   They haven't complimented my work because they think it's terrible. 	  ,mind_reading
My friend stopped talking because I must have done something wrong.!!!},personalization
"   She sounded tired, so she must be bored of talking to me. 	  ",mind_reading
<p>He read my message and didn't respond because he's annoyed with me.</p>,mind-reading
MY FRIEND CANCELLED BECAUSE I MUST HAVE OFFENDED HIM.,mind_reading
Everyone deserves equal treatment under the law.,none
"   If I perform badly once, I'll never be respected again. 	  ",catastrophizing
"My professor frowned, so he must think I'm stupid.",mind_reading
"<div>If my project fails, everything I've worked for will be pointless.</div>",CATASTROPHIZING
<p>The company rejected our proposal because I wasn't persuasive enough.</p>, personalization 
"<p>If this relationship ends, I'll never be happy again.</p>",catastrophizing
"   My friend forgot my birthday, so she never cares about me. 	  ",OVERGENERALIZATION
"<p>I failed one exam, so I will always fail.</p>",
"My first attempt didn't work, so the idea is useless.!!!,,,",overgeneralization
   She smiled at everyone except me because she dislikes me. 	  ,MIND_READING
"She sounded tired, so she must be bored of talking to me.",mind_reading
"   I made one awkward comment, so I ruin every conversation. 	  ", overgeneralization 
"If I don't get into this college, my life will be a disaster.",catastrophizing
"   If I make a mistake in front of the team, I'll lose everyone's respect forever. 	  ", catastrophizing 
"My professor frowned, so he must think I'm stupid.",MIND_READING
The customer was unhappy because I handled the situation badly.,personalization
,none
"If I miss this opportunity, my future is ruined.!!!`",catastrophizing
"if i get rejected, i'll never find another opportunity.",catastrophizing
"One customer complained, so all our customers must be unhappy.!!!'''",overgeneralization
They haven't complimented my work because they think it's terrible.!!!;;;, mind_reading 
a single bad decision could destroy everything.,catastrophizing
"The interviewer looked serious, so they probably hated my answers.",MIND_READING
"my friend is unhappy today, so it must be because of something i did.",personalization
"She looked away, so she probably thinks I'm boring.!!!!",mind_reading
"My professor frowned, so he must think I'm stupid.!!!$$$", mind_reading 
The customer was unhappy because I handled the situation badly., personalization 
"She was quiet during dinner, so she must be upset with me.",mind_reading
"   The interviewer looked serious, so they probably hated my answers. 	  ",mind-reading
<div>The meeting went badly because I ruined it for everyone.</div>,personalization
The recruiter hasn't replied because they think I'm unqualified., mind_reading 
"<div>If I perform badly once, I'll never be respected again.</div>",catastrophizing
<p>The team missed the deadline because I wasn't good enough.</p>,personalization
"If I get rejected, I'll never find another opportunity.",catastrophizing
   He walked past without saying hello because he is mad at me. 	  ,mind_reading
<div>The group didn't finish on time because I wasn't useful enough.</div>,
NOBODY EVER LISTENS TO WHAT I SAY.,overgeneralization
The library closes at eight in the evening.,none
"If my presentation fails, nobody will ever trust me again.!!!))",catastrophizing
The team lost the match 2-1.,none
the library closes at eight in the evening.,none
A bad grade will destroy all my chances of succeeding., catastrophizing 
People from that college are all arrogant.!!!~~~, overgeneralization 
The project failed because I wasn't capable enough.!!!(((,personalization
<p>The team missed the deadline because I wasn't good enough.</p>,personalization
<p>A small mistake here could completely ruin everything.</p>,
<div>He walked past without saying hello because he is mad at me.</div>,mind_reading
"They laughed after I spoke, so they were definitely laughing at me.",mind_reading
he is in a bad mood because of me.,PERSONALIZATION
"Every time I try something new, I fail.", overgeneralization 
"   I failed one exam, so I will always fail. 	  ",over_generalization
"   If my presentation fails, nobody will ever trust me again. 	  ",catastrophizing
"<div>If my project fails, everything I've worked for will be pointless.</div>",CATASTROPHIZING
"IF MY PROJECT FAILS, EVERYTHING I'VE WORKED FOR WILL BE POINTLESS.",catastrophizing
"One customer complained, so all our customers must be unhappy.!!!++",OVERGENERALIZATION
"They laughed after I spoke, so they were definitely laughing at me.!!!###",mind_reading
"The project failed because I wasn't capable enough.!!!,",PERSONALIZATION
The company hired five new engineers this month., none 
,none
My friend didn't reply to my message yesterday.!!!___,none
He chose another teammate because he thinks I'm useless.,mind_reading
my friend stopped talking because i must have done something wrong.,personalization
MY ROOMMATE CLOSED THE DOOR BECAUSE HE DOESN'T WANT TO TALK TO ME., mind_reading 
,OVERGENERALIZATION
My parents argued because I caused too much stress.,personalization
"<div>I was late today, so I'm always irresponsible.</div>",overgeneralization
He chose another teammate because he thinks I'm useless.,mind_reading
"<div>Every time I try something new, I fail.</div>",overgeneralization
"I FAILED ONE EXAM, SO I WILL ALWAYS FAIL.",over_generalization
"i didn't get this internship, so i'll never get an internship.",over_generalization
   I submitted my application before the deadline. 	  ,none
, personalization 
They haven't complimented my work because they think it's terrible.!!!#,mind_reading
The team missed the deadline because I wasn't good enough.,personalization
"   One person rejected my idea, so people hate my ideas. 	  ",overgeneralization
Everyone became quiet because I said something wrong., personalization 
<div>The temperature dropped significantly overnight.</div>,none
the audience was quiet because they didn't like my presentation.,mind_reading
The presentation was boring because I couldn't make it interesting.,personalization
One failed interview means my career is doomed.,catastrophizing
My friend stopped talking because I must have done something wrong.,PERSONALIZATION
"the interviewer looked serious, so they probably hated my answers.",mind_reading
"MY FRIEND IS UNHAPPY TODAY, SO IT MUST BE BECAUSE OF SOMETHING I DID.",PERSONALIZATION
"   My professor frowned, so he must think I'm stupid. 	  ",mind_reading
"if i perform badly once, i'll never be respected again.",CATASTROPHIZING
   It rained on our trip because I planned it badly. 	  ,PERSONALIZATION
"if my project fails, everything i've worked for will be pointless.", catastrophizing 
He walked past without saying hello because he is mad at me.!!!),mind-reading
i prefer tea to coffee.,none
   She changed her major after her second year. 	  ,none
I made one mistake in the presentation., none 
   One failed interview means my career is doomed. 	  ,catastrophizing
   The project requires Python and a database. 	  ,NONE
,personalization
The restaurant was crowded on Saturday.,none
"ONE PROJECT FAILED, SO NONE OF MY PROJECTS WILL EVER WORK.",over_generalization
"<p>One project failed, so none of my projects will ever work.</p>",
my roommate closed the door because he doesn't want to talk to me.,mind-reading
"If this relationship ends, I'll never be happy again.",catastrophizing
"the interviewer looked serious, so they probably hated my answers.",mind_reading
"<div>She was quiet during dinner, so she must be upset with me.</div>",mind_reading
"If I lose this job, I'll never recover.!!!//",catastrophizing
"if this presentation goes badly, everyone will remember it forever.",catastrophizing
the company rejected our proposal because i wasn't persuasive enough.,personalization
"If I lose this competition, all my hard work was worthless.",CATASTROPHIZING
Every interview I've had has gone terribly.,
   My manager didn't praise me because she thinks I'm incompetent. 	  ,mind_reading
The team lost the match 2-1.,none
"   If I perform badly once, I'll never be respected again. 	  ",catastrophizing
"i failed one exam, so i will always fail.",overgeneralization
"if i embarrass myself today, i'll never be able to face these people again.",
<div>He hasn't texted me because he doesn't like me anymore.</div>,mind_reading
ONE FAILED INTERVIEW MEANS MY CAREER IS DOOMED.,catastrophizing
HE WALKED PAST WITHOUT SAYING HELLO BECAUSE HE IS MAD AT ME.,mind-reading
"IF I GET REJECTED, I'LL NEVER FIND ANOTHER OPPORTUNITY.",catastrophizing
"IF MY PROJECT FAILS, EVERYTHING I'VE WORKED FOR WILL BE POINTLESS.", catastrophizing 
   My friend stopped talking because I must have done something wrong. 	  ,personalization
"I was late today, so I'm always irresponsible.!!!{{",overgeneralization
A small mistake here could completely ruin everything.!!!&,catastrophizing
"one project failed, so none of my projects will ever work.", overgeneralization 
"i struggled with calculus, so i'm terrible at every subject.", overgeneralization 
Portugal has never won the FIFA World Cup.,none
"If this relationship ends, I'll never be happy again.",catastrophizing
   Everyone deserves equal treatment under the law. 	  ,none
"<p>One customer complained, so all our customers must be unhappy.</p>",over_generalization
i made one mistake in the presentation.,NONE
THE BUS WAS DELAYED BECAUSE OF TRAFFIC.,none
A SINGLE BAD DECISION COULD DESTROY EVERYTHING.,catastrophizing
Our professor assigned two chapters for Monday.,
One failed interview means my career is doomed.!!!)), catastrophizing 
<div>The party was awkward because I made everyone uncomfortable.</div>,
<p>They didn't invite me because they don't want me around.</p>, mind_reading 
,personalization
Everyone in my class is smarter than me.,overgeneralization
   The party was awkward because I made everyone uncomfortable. 	  ,personalization
"My team lost today, so we can never win.", overgeneralization 
<div>He is in a bad mood because of me.</div>,personalization
"   Every time I try something new, I fail. 	  ",overgeneralization
The library closes at eight in the evening.,none
My teammate is frustrated because I am slowing everyone down.,personalization
"If I perform badly once, I'll never be respected again.",CATASTROPHIZING
everyone became quiet because i said something wrong.,PERSONALIZATION
The train arrived ten minutes late today.!!!''',none
HE WALKED PAST WITHOUT SAYING HELLO BECAUSE HE IS MAD AT ME.,mind_reading
My manager didn't praise me because she thinks I'm incompetent.,mind_reading
"   I struggled with calculus, so I'm terrible at every subject. 	  ",over_generalization
He walked past without saying hello because he is mad at me.!!!+, mind_reading 
   My friend cancelled because I must have offended him. 	  , mind_reading 
   My teammate is frustrated because I am slowing everyone down. 	  ,personalization
My colleague made a mistake because I didn't explain things well enough.!!!===,personalization
THE TEAM WON THREE MATCHES THIS SEASON.,NONE
Everyone in my class is smarter than me.,overgeneralization
<div>The interview lasted about forty minutes.</div>,none
"<p>I was late today, so I'm always irresponsible.</p>",
A small mistake here could completely ruin everything.!!!{{, catastrophizing 
he read my message and didn't respond because he's annoyed with me.,mind_reading
He is in a bad mood because of me.,personalization
my friend cancelled because i must have offended him., mind_reading 
They haven't complimented my work because they think it's terrible.,
The company hired five new engineers this month.!!!##,none
Everyone deserves equal treatment under the law., none 
"ONE CUSTOMER COMPLAINED, SO ALL OUR CUSTOMERS MUST BE UNHAPPY.",over_generalization
ONE BAD SEMESTER MEANS MY WHOLE DEGREE IS A FAILURE.,overgeneralization
,overgeneralization
"One project failed, so none of my projects will ever work.",
Everyone deserves equal treatment under the law.!!!!,none
"I MADE A MISTAKE AT WORK, SO I'M BAD AT MY JOB.",overgeneralization
"the interviewer looked serious, so they probably hated my answers.",mind_reading
,none
"MY FRIEND FORGOT MY BIRTHDAY, SO SHE NEVER CARES ABOUT ME.",over_generalization
"If I perform badly once, I'll never be respected again.!!!$$",catastrophizing
Everyone became quiet because I said something wrong.!!!|,PERSONALIZATION
"i struggled with calculus, so i'm terrible at every subject.",overgeneralization
"My professor frowned, so he must think I'm stupid.",MIND_READING
"The interviewer looked serious, so they probably hated my answers.!!!<<<", mind_reading 
, none 
<p>A small mistake here could completely ruin everything.</p>,CATASTROPHIZING
The interview lasted about forty minutes.,none
Nobody wants to work with me.!!!*,overgeneralization
everyone in my class is smarter than me.,overgeneralization
"   My first attempt didn't work, so the idea is useless. 	  ",over_generalization
,catastrophizing
The company hired five new engineers this month.!!!!!!,none
NOBODY EVER LISTENS TO WHAT I SAY.,overgeneralization
THE AUDIENCE WAS QUIET BECAUSE THEY DIDN'T LIKE MY PRESENTATION.,mind-reading
everyone deserves equal treatment under the law.,none
He read my message and didn't respond because he's annoyed with me.,mind_reading
"IF I MAKE A MISTAKE IN FRONT OF THE TEAM, I'LL LOSE EVERYONE'S RESPECT FOREVER.",catastrophizing
, personalization 
"the interviewer looked serious, so they probably hated my answers.",mind_reading
"If my presentation fails, nobody will ever trust me again.!!!>>>",CATASTROPHIZING
one failed interview means my career is doomed.,CATASTROPHIZING
<div>She is having a bad day because I upset her.</div>,personalization
<div>He is in a bad mood because of me.</div>,personalization
"She looked away, so she probably thinks I'm boring.",mind_reading
Portugal has never won the FIFA World Cup.,none
ONE MISTAKE WILL COMPLETELY RUIN MY FUTURE.,CATASTROPHIZING
"she sounded tired, so she must be bored of talking to me.",mind_reading
"My professor frowned, so he must think I'm stupid.",MIND_READING
"If I fail this exam, my entire life is over.!!!+",catastrophizing
one failed interview means my career is doomed.,CATASTROPHIZING
One mistake will completely ruin my future.,catastrophizing
   I made one mistake in the presentation. 	  ,none
   My parents argued because I caused too much stress. 	  ,personalization
the audience was quiet because they didn't like my presentation.,mind_reading
He hasn't texted me because he doesn't like me anymore.,mind_reading
Missing this deadline means my career is finished.!!!+,CATASTROPHIZING
THE TEAM MISSED THE DEADLINE BECAUSE I WASN'T GOOD ENOUGH.,PERSONALIZATION
   It rained on our trip because I planned it badly. 	  , personalization 
"If this relationship ends, I'll never be happy again.",CATASTROPHIZING
Our professor assigned two chapters for Monday., none 
The company hired five new engineers this month., none 
I prefer tea to coffee.,none
The group didn't finish on time because I wasn't useful enough.!!!---,
THE RESTAURANT WAS CROWDED ON SATURDAY.,none
She is having a bad day because I upset her.,PERSONALIZATION
"   My team lost today, so we can never win. 	  ",overgeneralization
My friend saw my message but didn't answer because she wants to ignore me.,MIND_READING
"ONE PROJECT FAILED, SO NONE OF MY PROJECTS WILL EVER WORK.",overgeneralization
<p>The company hired five new engineers this month.</p>,none
Our professor assigned two chapters for Monday.,none
The presentation was boring because I couldn't make it interesting.!!!\,personalization
"   One project failed, so none of my projects will ever work. 	  ",
He is in a bad mood because of me.,PERSONALIZATION
<p>The audience was quiet because they didn't like my presentation.</p>,mind_reading
she changed her major after her second year.,none
"   My team lost today, so we can never win. 	  ",OVERGENERALIZATION
<p>He chose another teammate because he thinks I'm useless.</p>,MIND_READING
"   If I embarrass myself today, I'll never be able to face these people again. 	  ",catastrophizing
<p>He read my message and didn't respond because he's annoyed with me.</p>,mind_reading
My friend saw my message but didn't answer because she wants to ignore me., mind_reading 
"if i lose this competition, all my hard work was worthless.",catastrophizing
She is having a bad day because I upset her.,PERSONALIZATION
"ONE PERSON REJECTED MY IDEA, SO PEOPLE HATE MY IDEAS.",OVERGENERALIZATION
HE CHOSE ANOTHER TEAMMATE BECAUSE HE THINKS I'M USELESS.,MIND_READING
<div>I prefer tea to coffee.</div>,none
"   One project failed, so none of my projects will ever work. 	  ",overgeneralization
He read my message and didn't respond because he's annoyed with me.!!!|,mind_reading
the event failed because i organized it poorly.,personalization
"I was late today, so I'm always irresponsible.", overgeneralization 
The interview lasted about forty minutes.!!!###,none
The company rejected our proposal because I wasn't persuasive enough.,personalization
I SUBMITTED MY APPLICATION BEFORE THE DEADLINE.,none
My roommate closed the door because he doesn't want to talk to me.!!!___, mind_reading 
"If I miss this opportunity, my future is ruined.",catastrophizing
"If I fail this exam, my entire life is over.",catastrophizing
   She changed her major after her second year. 	  ,none
"IF I GET REJECTED, I'LL NEVER FIND ANOTHER OPPORTUNITY.",catastrophizing
he hasn't texted me because he doesn't like me anymore.,mind_reading
i submitted my application before the deadline.,none
He chose another teammate because he thinks I'm useless.,
"One project failed, so none of my projects will ever work.!!!%%",over_generalization
"IF I FAIL THIS EXAM, MY ENTIRE LIFE IS OVER.",catastrophizing
"   My team lost today, so we can never win. 	  ",overgeneralization
   One bad semester means my whole degree is a failure. 	  ,OVERGENERALIZATION
A bad grade will destroy all my chances of succeeding.,
"   My friend forgot my birthday, so she never cares about me. 	  ",overgeneralization
   He chose another teammate because he thinks I'm useless. 	  ,mind_reading
I PREFER TEA TO COFFEE.,none
He read my message and didn't respond because he's annoyed with me.,mind_reading
"<p>My friend is unhappy today, so it must be because of something I did.</p>",PERSONALIZATION
<p>My teammate is frustrated because I am slowing everyone down.</p>,personalization
"IF I EMBARRASS MYSELF TODAY, I'LL NEVER BE ABLE TO FACE THESE PEOPLE AGAIN.",CATASTROPHIZING
He hasn't texted me because he doesn't like me anymore.,mind_reading
"If I miss this opportunity, my future is ruined.!!!(", catastrophizing 
I studied for three hours before the exam.,none
"<div>If I make a mistake in front of the team, I'll lose everyone's respect forever.</div>",catastrophizing
   My teammate is frustrated because I am slowing everyone down. 	  ,personalization
EVERYONE BECAME QUIET BECAUSE I SAID SOMETHING WRONG.,personalization
"if this relationship ends, i'll never be happy again.",catastrophizing
"IF I LOSE THIS JOB, I'LL NEVER RECOVER.", catastrophizing 
my colleague made a mistake because i didn't explain things well enough.,personalization
"if i lose this job, i'll never recover.",CATASTROPHIZING
"if i make a mistake in front of the team, i'll lose everyone's respect forever.",CATASTROPHIZING
"<p>If my project fails, everything I've worked for will be pointless.</p>",catastrophizing
   The event failed because I organized it poorly. 	  ,PERSONALIZATION
He didn't reply because he must be angry with me., mind_reading 
"They laughed after I spoke, so they were definitely laughing at me.",mind-reading
"If I perform badly once, I'll never be respected again.",CATASTROPHIZING
,personalization
One mistake will completely ruin my future.!!!!!!,catastrophizing
<div>My friend cancelled our plans because I wasn't good company.</div>,personalization
"   The interviewer looked serious, so they probably hated my answers. 	  ",mind-reading
   They didn't invite me because they don't want me around. 	  ,mind_reading
"if this presentation goes badly, everyone will remember it forever.",catastrophizing
   The company rejected our proposal because I wasn't persuasive enough. 	  ,personalization
"   I didn't get this internship, so I'll never get an internship. 	  ",OVERGENERALIZATION
"I failed one exam, so I will always fail.",over_generalization
our team lost because i didn't play well enough.,personalization
"   One person rejected my idea, so people hate my ideas. 	  ", overgeneralization 
The event failed because I organized it poorly.,personalization
"They laughed after I spoke, so they were definitely laughing at me.!!!<<",mind_reading
the company rejected our proposal because i wasn't persuasive enough.,PERSONALIZATION
The meeting went badly because I ruined it for everyone.,PERSONALIZATION
<p>He hasn't texted me because he doesn't like me anymore.</p>,mind-reading
,mind_reading
<p>The team won three matches this season.</p>,none
"If I perform badly once, I'll never be respected again.!!!;",catastrophizing
"   I was late today, so I'm always irresponsible. 	  ",overgeneralization
"I failed one exam, so I will always fail.", overgeneralization 
MY COLLEAGUE MADE A MISTAKE BECAUSE I DIDN'T EXPLAIN THINGS WELL ENOUGH.,personalization
"I failed one exam, so I will always fail.",over_generalization
The company rejected our proposal because I wasn't persuasive enough.!!!],personalization
The temperature dropped significantly overnight.!!!\\\,NONE
<p>One bad semester means my whole degree is a failure.</p>,overgeneralization
He didn't reply because he must be angry with me., mind_reading 
"I DIDN'T GET THIS INTERNSHIP, SO I'LL NEVER GET AN INTERNSHIP.",overgeneralization
Nobody wants to work with me.,overgeneralization
A bad grade will destroy all my chances of succeeding.,catastrophizing
"She sounded tired, so she must be bored of talking to me.!!!*",mind-reading
"My team lost today, so we can never win.",overgeneralization
NOBODY EVER LISTENS TO WHAT I SAY.,overgeneralization
She smiled at everyone except me because she dislikes me.!!!=,mind_reading
he read my message and didn't respond because he's annoyed with me., mind_reading 
EVERY INTERVIEW I'VE HAD HAS GONE TERRIBLY.,overgeneralization
   Portugal has never won the FIFA World Cup. 	  , none 
,none
OUR PROFESSOR ASSIGNED TWO CHAPTERS FOR MONDAY.,none
She is having a bad day because I upset her.!!!;;,personalization
<div>He is in a bad mood because of me.</div>,personalization
   I made one mistake in the presentation. 	  , none 
"IF I LOSE THIS COMPETITION, ALL MY HARD WORK WAS WORTHLESS.",CATASTROPHIZING
THE PARTY WAS AWKWARD BECAUSE I MADE EVERYONE UNCOMFORTABLE., personalization 
My friend cancelled our plans because I wasn't good company.,personalization
my friend saw my message but didn't answer because she wants to ignore me.,mind_reading
The train arrived ten minutes late today.!!!),none
<div>The train arrived ten minutes late today.</div>,none
<p>The library closes at eight in the evening.</p>,none
EVERYONE IN MY CLASS IS SMARTER THAN ME.,overgeneralization
HE WALKED PAST WITHOUT SAYING HELLO BECAUSE HE IS MAD AT ME.,MIND_READING
My teammate is frustrated because I am slowing everyone down.,PERSONALIZATION
one bad semester means my whole degree is a failure., overgeneralization 
he read my message and didn't respond because he's annoyed with me.,MIND_READING
   The customer was unhappy because I handled the situation badly. 	  ,personalization
<p>The team won three matches this season.</p>,none
"Every time I try something new, I fail.!!!\\\",over_generalization
"   My friend is unhappy today, so it must be because of something I did. 	  ",PERSONALIZATION
THE TEAM WON THREE MATCHES THIS SEASON.,none
My friend cancelled our plans because I wasn't good company.!!!},PERSONALIZATION
My friend cancelled our plans because I wasn't good company.!!![[[,PERSONALIZATION
"My friend is unhappy today, so it must be because of something I did.",personalization
"   If my project fails, everything I've worked for will be pointless. 	  ",catastrophizing
He hasn't texted me because he doesn't like me anymore.,mind_reading
it rained on our trip because i planned it badly.,personalization
"If this relationship ends, I'll never be happy again.",catastrophizing
The meeting went badly because I ruined it for everyone.,personalization
MISSING THIS DEADLINE MEANS MY CAREER IS FINISHED., catastrophizing 
He read my message and didn't respond because he's annoyed with me.,mind_reading
,PERSONALIZATION
   The interview lasted about forty minutes. 	  ,none
,none
"Every time I try something new, I fail.!!!((",overgeneralization
<div>The meeting went badly because I ruined it for everyone.</div>,personalization
Every interview I've had has gone terribly.!!![,overgeneralization
"Every time I try something new, I fail.",over_generalization
The team lost the match 2-1.!!!],none
The restaurant was crowded on Saturday.,none
   I made one mistake in the presentation. 	  ,none
"my friend forgot my birthday, so she never cares about me.",overgeneralization
"Every time I try something new, I fail.!!!\",OVERGENERALIZATION
   The party was awkward because I made everyone uncomfortable. 	  ,personalization
"I made one awkward comment, so I ruin every conversation.!!!!",overgeneralization
One rejection could mean I have no future in this field.,catastrophizing
Our professor assigned two chapters for Monday.!!!?,none
<div>My friend saw my message but didn't answer because she wants to ignore me.</div>,mind-reading
"I got sick once after eating there, so that restaurant always makes people sick.",overgeneralization
"I MADE A MISTAKE AT WORK, SO I'M BAD AT MY JOB.",over_generalization
   They haven't complimented my work because they think it's terrible. 	  ,mind_reading
,personalization
   The company hired five new engineers this month. 	  ,none
THE PROJECT REQUIRES PYTHON AND A DATABASE.,NONE
<div>The train arrived ten minutes late today.</div>,none
He is in a bad mood because of me.,personalization
"My professor frowned, so he must think I'm stupid.",MIND_READING
   The event failed because I organized it poorly. 	  ,personalization
"She looked away, so she probably thinks I'm boring.",mind_reading
OUR TEAM LOST BECAUSE I DIDN'T PLAY WELL ENOUGH.,PERSONALIZATION
The group didn't finish on time because I wasn't useful enough.!!!`,personalization
"she was quiet during dinner, so she must be upset with me.",mind-reading
   Everyone deserves equal treatment under the law. 	  , none 
Nobody ever listens to what I say.,overgeneralization
   Missing this deadline means my career is finished. 	  ,catastrophizing
"<p>She looked away, so she probably thinks I'm boring.</p>",mind_reading
A bad grade will destroy all my chances of succeeding.,CATASTROPHIZING
,overgeneralization
The library closes at eight in the evening., none 
MY TEAMMATE IS FRUSTRATED BECAUSE I AM SLOWING EVERYONE DOWN.,personalization
   People from that college are all arrogant. 	  , overgeneralization 
HE IS IN A BAD MOOD BECAUSE OF ME.,personalization
"If I don't get into this college, my life will be a disaster.",catastrophizing
   The team missed the deadline because I wasn't good enough. 	  ,personalization
"my team lost today, so we can never win.", overgeneralization 
He hasn't texted me because he doesn't like me anymore.,mind_reading
My colleague made a mistake because I didn't explain things well enough.,personalization
<p>He read my message and didn't respond because he's annoyed with me.</p>,mind_reading
"If I lose this competition, all my hard work was worthless.",CATASTROPHIZING
   The project failed because I wasn't capable enough. 	  , personalization 
"<p>If I get rejected, I'll never find another opportunity.</p>",CATASTROPHIZING
"IF THIS PRESENTATION GOES BADLY, EVERYONE WILL REMEMBER IT FOREVER.",CATASTROPHIZING
<div>The presentation was boring because I couldn't make it interesting.</div>,personalization
Our team lost because I didn't play well enough.,personalization
,overgeneralization
,personalization
the project requires python and a database.,none
"<p>One person rejected my idea, so people hate my ideas.</p>",overgeneralization
   They haven't complimented my work because they think it's terrible. 	  ,mind_reading
Portugal has never won the FIFA World Cup.,NONE
"I FAILED ONE EXAM, SO I WILL ALWAYS FAIL.",overgeneralization
   The team lost the match 2-1. 	  ,none
"My professor frowned, so he must think I'm stupid.",mind_reading
my teammate is frustrated because i am slowing everyone down.,PERSONALIZATION
"if i don't get into this college, my life will be a disaster.", catastrophizing 
The temperature dropped significantly overnight.,NONE
   My laptop has 16 GB of RAM. 	  ,none
,none
the team lost the match 2-1.,NONE
I submitted my application before the deadline.,none
"   If I don't get into this college, my life will be a disaster. 	  ",CATASTROPHIZING
"   I didn't get this internship, so I'll never get an internship. 	  ",overgeneralization
I submitted my application before the deadline.,none
,catastrophizing
I made one mistake in the presentation.,none
The team lost the match 2-1.,NONE
Every interview I've had has gone terribly., overgeneralization 
"If this presentation goes badly, everyone will remember it forever.", catastrophizing 
"<div>One customer complained, so all our customers must be unhappy.</div>",overgeneralization
"She looked away, so she probably thinks I'm boring.",
   Missing this deadline means my career is finished. 	  , catastrophizing 
"A bad grade will destroy all my chances of succeeding.!!!""",catastrophizing
"<p>If I miss this opportunity, my future is ruined.</p>",catastrophizing
"<p>My first attempt didn't work, so the idea is useless.</p>",overgeneralization
"ONE PERSON REJECTED MY IDEA, SO PEOPLE HATE MY IDEAS.",overgeneralization
"THE INTERVIEWER LOOKED SERIOUS, SO THEY PROBABLY HATED MY ANSWERS.",mind-reading
the interview lasted about forty minutes.,none
   Our professor assigned two chapters for Monday. 	  ,none
My colleague made a mistake because I didn't explain things well enough.!!!.,
He chose another teammate because he thinks I'm useless.!!!~,mind_reading
he chose another teammate because he thinks i'm useless.,mind_reading
"If I embarrass myself today, I'll never be able to face these people again.",catastrophizing
One mistake will completely ruin my future.,catastrophizing
   One failed interview means my career is doomed. 	  ,catastrophizing
   Nobody ever listens to what I say. 	  ,overgeneralization
HE DIDN'T REPLY BECAUSE HE MUST BE ANGRY WITH ME.,mind_reading
he chose another teammate because he thinks i'm useless., mind_reading 
<p>One rejection could mean I have no future in this field.</p>, catastrophizing 
The team won three matches this season.,
"If my presentation fails, nobody will ever trust me again.",CATASTROPHIZING
"ONE PROJECT FAILED, SO NONE OF MY PROJECTS WILL EVER WORK.", overgeneralization 
"<div>If this presentation goes badly, everyone will remember it forever.</div>",CATASTROPHIZING
<div>The group didn't finish on time because I wasn't useful enough.</div>, personalization 
Our professor assigned two chapters for Monday.!!!`,none
"IF I MAKE A MISTAKE IN FRONT OF THE TEAM, I'LL LOSE EVERYONE'S RESPECT FOREVER.",catastrophizing
A single bad decision could destroy everything.!!!##,catastrophizing
"<p>If I don't get into this college, my life will be a disaster.</p>",catastrophizing
ONE BAD SEMESTER MEANS MY WHOLE DEGREE IS A FAILURE.,overgeneralization
A SMALL MISTAKE HERE COULD COMPLETELY RUIN EVERYTHING.,catastrophizing
"   I failed one exam, so I will always fail. 	  ",over_generalization
my friend saw my message but didn't answer because she wants to ignore me.,mind_reading
THE GROUP DIDN'T FINISH ON TIME BECAUSE I WASN'T USEFUL ENOUGH.,personalization
He is in a bad mood because of me., personalization 
My friend cancelled because I must have offended him.,mind_reading
He hasn't texted me because he doesn't like me anymore.!!!``,mind-reading
"the interviewer looked serious, so they probably hated my answers.",mind_reading
"I didn't get this internship, so I'll never get an internship.",over_generalization
"IF I GET REJECTED, I'LL NEVER FIND ANOTHER OPPORTUNITY.",catastrophizing
The library closes at eight in the evening.,NONE
The project failed because I wasn't capable enough.,personalization
One rejection could mean I have no future in this field.!!!!,catastrophizing
   My manager didn't praise me because she thinks I'm incompetent. 	  ,mind_reading
   Every interview I've had has gone terribly. 	  , overgeneralization 
"   She was quiet during dinner, so she must be upset with me. 	  ",
   The temperature dropped significantly overnight. 	  ,none
<p>My friend cancelled our plans because I wasn't good company.</p>,personalization
it rained on our trip because i planned it badly.,personalization
   One bad semester means my whole degree is a failure. 	  ,OVERGENERALIZATION
the recruiter hasn't replied because they think i'm unqualified.,mind_reading
<p>My friend cancelled because I must have offended him.</p>,mind_reading
The temperature dropped significantly overnight., none 
   The party was awkward because I made everyone uncomfortable. 	  ,personalization
I studied for three hours before the exam.!!!\,none
   My friend stopped talking because I must have done something wrong. 	  ,personalization
<div>I prefer tea to coffee.</div>,none
   The audience was quiet because they didn't like my presentation. 	  ,mind_reading
   The project failed because I wasn't capable enough. 	  ,personalization
"If I get rejected, I'll never find another opportunity.",catastrophizing
MY FRIEND CANCELLED BECAUSE I MUST HAVE OFFENDED HIM., mind_reading 
The customer was unhappy because I handled the situation badly.,personalization
My laptop has 16 GB of RAM.,none
   The company hired five new engineers this month. 	  , none 
   He chose another teammate because he thinks I'm useless. 	  ,mind_reading
"<p>I didn't get this internship, so I'll never get an internship.</p>",over_generalization
He chose another teammate because he thinks I'm useless.,MIND_READING
"My team lost today, so we can never win.",overgeneralization
<p>The restaurant was crowded on Saturday.</p>, none 
The team won three matches this season.!!!:::,NONE
"my team lost today, so we can never win.", overgeneralization 
"If I lose this competition, all my hard work was worthless.",CATASTROPHIZING
"I DIDN'T GET THIS INTERNSHIP, SO I'LL NEVER GET AN INTERNSHIP.", overgeneralization 
   One mistake will completely ruin my future. 	  ,catastrophizing
"I didn't get this internship, so I'll never get an internship.", overgeneralization 
"If I get rejected, I'll never find another opportunity.",CATASTROPHIZING
The group didn't finish on time because I wasn't useful enough., personalization 
I PREFER TEA TO COFFEE., none 
HE READ MY MESSAGE AND DIDN'T RESPOND BECAUSE HE'S ANNOYED WITH ME.,mind_reading
<p>My friend didn't reply to my message yesterday.</p>,none
The bus was delayed because of traffic.,NONE
"If I embarrass myself today, I'll never be able to face these people again.!!!++",catastrophizing
"IF I MISS THIS OPPORTUNITY, MY FUTURE IS RUINED.",catastrophizing
"IF I DON'T GET INTO THIS COLLEGE, MY LIFE WILL BE A DISASTER.",catastrophizing
"It rained on our trip because I planned it badly.!!!""""""", personalization 
"One project failed, so none of my projects will ever work.",OVERGENERALIZATION
the meeting went badly because i ruined it for everyone.,personalization
"If my presentation fails, nobody will ever trust me again.", catastrophizing 
he read my message and didn't respond because he's annoyed with me.,mind_reading
"<div>If I embarrass myself today, I'll never be able to face these people again.</div>",catastrophizing
He chose another teammate because he thinks I'm useless.,
PORTUGAL HAS NEVER WON THE FIFA WORLD CUP.,none
"<p>I struggled with calculus, so I'm terrible at every subject.</p>",overgeneralization
"if my presentation fails, nobody will ever trust me again.",CATASTROPHIZING
The team won three matches this season.!!!::,none
nobody ever listens to what i say.,over_generalization
   My manager didn't praise me because she thinks I'm incompetent. 	  ,mind_reading
She smiled at everyone except me because she dislikes me.,mind_reading
My friend cancelled because I must have offended him.!!!.,mind_reading
, catastrophizing 
He read my message and didn't respond because he's annoyed with me.,mind_reading
<p>The company hired five new engineers this month.</p>,none
"<p>My team lost today, so we can never win.</p>",OVERGENERALIZATION
   They haven't complimented my work because they think it's terrible. 	  ,mind_reading
"   If I embarrass myself today, I'll never be able to face these people again. 	  ",catastrophizing
My parents argued because I caused too much stress.!!!##,personalization
,catastrophizing
<p>Everyone became quiet because I said something wrong.</p>,personalization
He chose another teammate because he thinks I'm useless.!!!___,mind_reading
"If this relationship ends, I'll never be happy again.!!!$$$",catastrophizing
"My first attempt didn't work, so the idea is useless.", overgeneralization 
my friend saw my message but didn't answer because she wants to ignore me., mind_reading 
"<div>If I miss this opportunity, my future is ruined.</div>",
<p>She changed her major after her second year.</p>,none
"   One person rejected my idea, so people hate my ideas. 	  ",overgeneralization
one mistake will completely ruin my future.,catastrophizing
the presentation was boring because i couldn't make it interesting.,PERSONALIZATION
"<div>One person rejected my idea, so people hate my ideas.</div>",overgeneralization
,none
"   I got sick once after eating there, so that restaurant always makes people sick. 	  ",overgeneralization
I studied for three hours before the exam.,none
"   If this presentation goes badly, everyone will remember it forever. 	  ",CATASTROPHIZING
Our team lost because I didn't play well enough.!!!=,personalization
one rejection could mean i have no future in this field., catastrophizing 
   My friend cancelled because I must have offended him. 	  ,mind_reading
THE TEAM WON THREE MATCHES THIS SEASON.,none
   The team lost the match 2-1. 	  ,none
"One project failed, so none of my projects will ever work.!!!&&",overgeneralization
"I DIDN'T GET THIS INTERNSHIP, SO I'LL NEVER GET AN INTERNSHIP.",OVERGENERALIZATION
   Our professor assigned two chapters for Monday. 	  ,none
   The team lost the match 2-1. 	  ,none
<p>The bus was delayed because of traffic.</p>, none 
<p>The temperature dropped significantly overnight.</p>,none
my laptop has 16 gb of ram.,none
"IF MY PRESENTATION FAILS, NOBODY WILL EVER TRUST ME AGAIN.",catastrophizing
"One person rejected my idea, so people hate my ideas.!!!,,,",overgeneralization
"<p>They laughed after I spoke, so they were definitely laughing at me.</p>",mind_reading
"one project failed, so none of my projects will ever work.",OVERGENERALIZATION
THE RESTAURANT WAS CROWDED ON SATURDAY.,none
"If my project fails, everything I've worked for will be pointless.",catastrophizing
"<div>My professor frowned, so he must think I'm stupid.</div>",mind-reading
"She was quiet during dinner, so she must be upset with me.",
one mistake will completely ruin my future.,catastrophizing
,OVERGENERALIZATION
He is in a bad mood because of me.,PERSONALIZATION
"<p>If I lose this competition, all my hard work was worthless.</p>", catastrophizing 
Everyone became quiet because I said something wrong.,personalization
   The customer was unhappy because I handled the situation badly. 	  ,PERSONALIZATION
"If I embarrass myself today, I'll never be able to face these people again.!!!***",catastrophizing
I prefer tea to coffee.,none
"she looked away, so she probably thinks i'm boring.",mind_reading
<div>He didn't reply because he must be angry with me.</div>, mind_reading 
"<p>If I miss this opportunity, my future is ruined.</p>",catastrophizing
i submitted my application before the deadline.,none
<div>Every interview I've had has gone terribly.</div>,overgeneralization
"<p>They laughed after I spoke, so they were definitely laughing at me.</p>",mind_reading
<div>The project failed because I wasn't capable enough.</div>,personalization
   They didn't invite me because they don't want me around. 	  ,mind_reading
I PREFER TEA TO COFFEE., none 
My manager didn't praise me because she thinks I'm incompetent.,mind-reading
everyone in my class is smarter than me.,over_generalization
"If I get rejected, I'll never find another opportunity.",catastrophizing
"If my presentation fails, nobody will ever trust me again.!!!##",catastrophizing
<p>He is in a bad mood because of me.</p>,
"My friend is unhappy today, so it must be because of something I did.!!!]]]",PERSONALIZATION
"My team lost today, so we can never win.",overgeneralization
   The team lost the match 2-1. 	  ,none
She smiled at everyone except me because she dislikes me.!!!::,mind_reading
the recruiter hasn't replied because they think i'm unqualified.,MIND_READING
My manager didn't praise me because she thinks I'm incompetent.,
"<p>I made one awkward comment, so I ruin every conversation.</p>",
,catastrophizing
"<p>One project failed, so none of my projects will ever work.</p>",OVERGENERALIZATION
it rained on our trip because i planned it badly.,personalization
"i made a mistake at work, so i'm bad at my job.",overgeneralization
the interview lasted about forty minutes.,NONE
"I got sick once after eating there, so that restaurant always makes people sick.!!!;",overgeneralization
I PREFER TEA TO COFFEE.,none
,NONE
"<p>They laughed after I spoke, so they were definitely laughing at me.</p>", mind_reading 
"If I don't get into this college, my life will be a disaster.!!!++", catastrophizing 
The restaurant was crowded on Saturday.,
"One project failed, so none of my projects will ever work.!!!<",over_generalization
The party was awkward because I made everyone uncomfortable.,personalization
My friend cancelled our plans because I wasn't good company.!!!@@@,PERSONALIZATION
"If I embarrass myself today, I'll never be able to face these people again.",catastrophizing
"<p>My friend forgot my birthday, so she never cares about me.</p>", overgeneralization 
"SHE SOUNDED TIRED, SO SHE MUST BE BORED OF TALKING TO ME.",
One rejection could mean I have no future in this field.,catastrophizing
I prefer tea to coffee.!!!?,none
"ONE PERSON REJECTED MY IDEA, SO PEOPLE HATE MY IDEAS.",OVERGENERALIZATION
One bad semester means my whole degree is a failure.,
THE RECRUITER HASN'T REPLIED BECAUSE THEY THINK I'M UNQUALIFIED., mind_reading 
Our professor assigned two chapters for Monday.,none
He read my message and didn't respond because he's annoyed with me., mind_reading 
Everyone deserves equal treatment under the law.!!!==, none 
"I didn't get this internship, so I'll never get an internship.",overgeneralization
She smiled at everyone except me because she dislikes me.!!!::,mind_reading
One mistake will completely ruin my future.,catastrophizing
"I MADE ONE AWKWARD COMMENT, SO I RUIN EVERY CONVERSATION.",overgeneralization
HE DIDN'T REPLY BECAUSE HE MUST BE ANGRY WITH ME.,mind_reading
My teammate is frustrated because I am slowing everyone down.,personalization
"I got sick once after eating there, so that restaurant always makes people sick.!!![",OVERGENERALIZATION
Everyone deserves equal treatment under the law.,none
"if this presentation goes badly, everyone will remember it forever.",catastrophizing
"<p>My professor frowned, so he must think I'm stupid.</p>",mind-reading
   He read my message and didn't respond because he's annoyed with me. 	  ,mind_reading
"One project failed, so none of my projects will ever work.!!!}}",overgeneralization
   The recruiter hasn't replied because they think I'm unqualified. 	  ,mind_reading
My colleague made a mistake because I didn't explain things well enough.,PERSONALIZATION
   The company hired five new engineers this month. 	  ,NONE
He walked past without saying hello because he is mad at me.,mind_reading
,mind_reading
<div>I prefer tea to coffee.</div>,none
"Every interview I've had has gone terribly.!!!,,,",
EVERYONE DESERVES EQUAL TREATMENT UNDER THE LAW.,none
MY COLLEAGUE MADE A MISTAKE BECAUSE I DIDN'T EXPLAIN THINGS WELL ENOUGH.,PERSONALIZATION
The party was awkward because I made everyone uncomfortable.!!!::,personalization
"she looked away, so she probably thinks i'm boring.",mind_reading
"i failed one exam, so i will always fail.",overgeneralization
"My colleague made a mistake because I didn't explain things well enough.!!!""""", personalization 
"I DIDN'T GET THIS INTERNSHIP, SO I'LL NEVER GET AN INTERNSHIP.",overgeneralization
"IF I FAIL THIS EXAM, MY ENTIRE LIFE IS OVER.",catastrophizing
"I struggled with calculus, so I'm terrible at every subject.!!!)",overgeneralization
"if i don't get into this college, my life will be a disaster.",
The customer was unhappy because I handled the situation badly.,PERSONALIZATION
"   If I fail this exam, my entire life is over. 	  ", catastrophizing 
"   If this presentation goes badly, everyone will remember it forever. 	  ",catastrophizing
"If this relationship ends, I'll never be happy again.",catastrophizing
They haven't complimented my work because they think it's terrible.,mind_reading
<p>My laptop has 16 GB of RAM.</p>,none
"they laughed after i spoke, so they were definitely laughing at me.",mind_reading
people from that college are all arrogant.,OVERGENERALIZATION
"<p>One customer complained, so all our customers must be unhappy.</p>",overgeneralization
"   If this relationship ends, I'll never be happy again. 	  ", catastrophizing 
The project failed because I wasn't capable enough.,personalization
A single bad decision could destroy everything.!!!__,catastrophizing
"   She looked away, so she probably thinks I'm boring. 	  ",mind_reading
<div>One failed interview means my career is doomed.</div>,CATASTROPHIZING
my friend cancelled our plans because i wasn't good company.,personalization
"If I lose this competition, all my hard work was worthless.!!!))",catastrophizing
"she sounded tired, so she must be bored of talking to me.",mind_reading
"She sounded tired, so she must be bored of talking to me.!!!{{",mind_reading
"MY PROFESSOR FROWNED, SO HE MUST THINK I'M STUPID.",mind_reading
Everyone became quiet because I said something wrong.!!!```,PERSONALIZATION
"   They laughed after I spoke, so they were definitely laughing at me. 	  ",
   My friend stopped talking because I must have done something wrong. 	  ,personalization
My friend cancelled our plans because I wasn't good company.,personalization
,catastrophizing
   Everyone became quiet because I said something wrong. 	  ,PERSONALIZATION
MY LAPTOP HAS 16 GB OF RAM.,none
,mind_reading
"I made one awkward comment, so I ruin every conversation.", overgeneralization 
I prefer tea to coffee.,NONE
Missing this deadline means my career is finished.!!!%, catastrophizing 
The project requires Python and a database.,NONE
"one customer complained, so all our customers must be unhappy.",overgeneralization
ONE MISTAKE WILL COMPLETELY RUIN MY FUTURE., catastrophizing 
A single bad decision could destroy everything.,catastrophizing
One rejection could mean I have no future in this field.,catastrophizing
the group didn't finish on time because i wasn't useful enough., personalization 
My manager didn't praise me because she thinks I'm incompetent.,MIND_READING
I PREFER TEA TO COFFEE.,none
I submitted my application before the deadline.,none
"she sounded tired, so she must be bored of talking to me.",MIND_READING
It rained on our trip because I planned it badly.!!!{{,
Missing this deadline means my career is finished.,CATASTROPHIZING
SHE CHANGED HER MAJOR AFTER HER SECOND YEAR.,none
   People from that college are all arrogant. 	  ,overgeneralization
"   My friend is unhappy today, so it must be because of something I did. 	  ", personalization 
   They haven't complimented my work because they think it's terrible. 	  ,mind_reading
i studied for three hours before the exam.,none
THE PRESENTATION WAS BORING BECAUSE I COULDN'T MAKE IT INTERESTING.,personalization
The team won three matches this season.,none
"my first attempt didn't work, so the idea is useless.", overgeneralization 
   I prefer tea to coffee. 	  ,none
The restaurant was crowded on Saturday.!!!),NONE
A BAD GRADE WILL DESTROY ALL MY CHANCES OF SUCCEEDING.,CATASTROPHIZING
The meeting went badly because I ruined it for everyone.,personalization
"I failed one exam, so I will always fail.",OVERGENERALIZATION
People from that college are all arrogant.,overgeneralization
The presentation was boring because I couldn't make it interesting.!!!%, personalization 
"One project failed, so none of my projects will ever work.",overgeneralization
"my first attempt didn't work, so the idea is useless.",OVERGENERALIZATION
she changed her major after her second year.,none
"One project failed, so none of my projects will ever work.", overgeneralization 
"   If I perform badly once, I'll never be respected again. 	  ",catastrophizing
<div>A single bad decision could destroy everything.</div>,catastrophizing
My roommate closed the door because he doesn't want to talk to me., mind_reading 
Our professor assigned two chapters for Monday.,none
Everyone became quiet because I said something wrong.,personalization
It rained on our trip because I planned it badly.,personalization
The team lost the match 2-1., none 
my laptop has 16 gb of ram.,NONE
"I made a mistake at work, so I'm bad at my job.", overgeneralization 
   She smiled at everyone except me because she dislikes me. 	  , mind_reading 
<div>A bad grade will destroy all my chances of succeeding.</div>, catastrophizing 
,overgeneralization
PORTUGAL HAS NEVER WON THE FIFA WORLD CUP.,NONE
   He hasn't texted me because he doesn't like me anymore. 	  ,MIND_READING
The recruiter hasn't replied because they think I'm unqualified.!!!||,mind_reading
he walked past without saying hello because he is mad at me.,mind_reading
the recruiter hasn't replied because they think i'm unqualified.,MIND_READING
he didn't reply because he must be angry with me.,mind-reading
The bus was delayed because of traffic.,none
I prefer tea to coffee.,NONE
<p>The project requires Python and a database.</p>,none
The library closes at eight in the evening.!!!?, none 
   The interview lasted about forty minutes. 	  , none 
a bad grade will destroy all my chances of succeeding.,CATASTROPHIZING
   People from that college are all arrogant. 	  ,overgeneralization
"<div>One customer complained, so all our customers must be unhappy.</div>",overgeneralization
I prefer tea to coffee., none 
<p>My manager didn't praise me because she thinks I'm incompetent.</p>,mind_reading
, none 
"If I don't get into this college, my life will be a disaster.!!!??",catastrophizing
the restaurant was crowded on saturday.,none
<p>My friend cancelled because I must have offended him.</p>,mind_reading
"SHE WAS QUIET DURING DINNER, SO SHE MUST BE UPSET WITH ME.",mind_reading
,overgeneralization
The company hired five new engineers this month.,NONE
"<div>If my project fails, everything I've worked for will be pointless.</div>",catastrophizing
"MY TEAM LOST TODAY, SO WE CAN NEVER WIN.",overgeneralization
"She sounded tired, so she must be bored of talking to me.",mind_reading
"   If this presentation goes badly, everyone will remember it forever. 	  ",CATASTROPHIZING
My friend cancelled our plans because I wasn't good company.,PERSONALIZATION
I made one mistake in the presentation.!!!@@,none
He didn't reply because he must be angry with me.!!!~~,MIND_READING
"   She looked away, so she probably thinks I'm boring. 	  ",mind_reading
"If I lose this competition, all my hard work was worthless.!!!***",catastrophizing
the event failed because i organized it poorly.,personalization
"if i get rejected, i'll never find another opportunity.",catastrophizing
my friend saw my message but didn't answer because she wants to ignore me.,
The interview lasted about forty minutes., none 
The company hired five new engineers this month.!!!***, none 
The company rejected our proposal because I wasn't persuasive enough.,
, mind_reading 
My manager didn't praise me because she thinks I'm incompetent.!!!??,MIND_READING
<div>The customer was unhappy because I handled the situation badly.</div>, personalization 
   He hasn't texted me because he doesn't like me anymore. 	  ,mind_reading
"I FAILED ONE EXAM, SO I WILL ALWAYS FAIL.",overgeneralization
he is in a bad mood because of me.,personalization
"   If I get rejected, I'll never find another opportunity. 	  ", catastrophizing 
The team missed the deadline because I wasn't good enough.,
They haven't complimented my work because they think it's terrible.!!!\\,
   She is having a bad day because I upset her. 	  ,personalization
The team lost the match 2-1.,none
Portugal has never won the FIFA World Cup.,none
She changed her major after her second year.,none
   Everyone in my class is smarter than me. 	  , overgeneralization 
I PREFER TEA TO COFFEE.,none
The team missed the deadline because I wasn't good enough.,personalization
A BAD GRADE WILL DESTROY ALL MY CHANCES OF SUCCEEDING., catastrophizing 
<div>The event failed because I organized it poorly.</div>,personalization
<div>My friend cancelled our plans because I wasn't good company.</div>,PERSONALIZATION
"One person rejected my idea, so people hate my ideas.",over_generalization
"   If I fail this exam, my entire life is over. 	  ",catastrophizing
"THEY LAUGHED AFTER I SPOKE, SO THEY WERE DEFINITELY LAUGHING AT ME.",mind_reading
"My team lost today, so we can never win.!!!}}}", overgeneralization 
"<p>My professor frowned, so he must think I'm stupid.</p>",mind_reading
My friend didn't reply to my message yesterday.!!!///, none 
The group didn't finish on time because I wasn't useful enough.,personalization
A SINGLE BAD DECISION COULD DESTROY EVERYTHING.,
"She sounded tired, so she must be bored of talking to me.", mind_reading 
Portugal has never won the FIFA World Cup.,none
The audience was quiet because they didn't like my presentation.,mind_reading
My teammate is frustrated because I am slowing everyone down.,PERSONALIZATION
My friend cancelled our plans because I wasn't good company.!!!--, personalization 
The group didn't finish on time because I wasn't useful enough.!!!@@@,personalization
My laptop has 16 GB of RAM.,NONE
"IF I DON'T GET INTO THIS COLLEGE, MY LIFE WILL BE A DISASTER.",catastrophizing
,personalization
She is having a bad day because I upset her.!!!~~,personalization
MY PARENTS ARGUED BECAUSE I CAUSED TOO MUCH STRESS.,PERSONALIZATION
,
<div>The party was awkward because I made everyone uncomfortable.</div>,
"one customer complained, so all our customers must be unhappy.",overgeneralization
   A single bad decision could destroy everything. 	  ,catastrophizing
I submitted my application before the deadline.,NONE
<p>He hasn't texted me because he doesn't like me anymore.</p>,mind-reading
"If my presentation fails, nobody will ever trust me again.",catastrophizing
<p>One mistake will completely ruin my future.</p>,catastrophizing
"If I get rejected, I'll never find another opportunity.!!!|||",catastrophizing
"if i lose this job, i'll never recover.",CATASTROPHIZING
The company rejected our proposal because I wasn't persuasive enough.,personalization
a bad grade will destroy all my chances of succeeding.,CATASTROPHIZING
"i was late today, so i'm always irresponsible.",OVERGENERALIZATION
"If I make a mistake in front of the team, I'll lose everyone's respect forever.!!!<",catastrophizing
I submitted my application before the deadline., none 
MY FRIEND CANCELLED OUR PLANS BECAUSE I WASN'T GOOD COMPANY.,personalization
<p>People from that college are all arrogant.</p>,overgeneralization
My friend cancelled because I must have offended him.,mind_reading
I PREFER TEA TO COFFEE., none 
My friend didn't reply to my message yesterday.!!!;;, none 
"If I embarrass myself today, I'll never be able to face these people again.",catastrophizing
"If I don't get into this college, my life will be a disaster.",CATASTROPHIZING
"If I lose this job, I'll never recover.", catastrophizing 
"My professor frowned, so he must think I'm stupid.",
i studied for three hours before the exam., none 
MY MANAGER DIDN'T PRAISE ME BECAUSE SHE THINKS I'M INCOMPETENT.,mind-reading
"if i make a mistake in front of the team, i'll lose everyone's respect forever.",catastrophizing
"She looked away, so she probably thinks I'm boring.", mind_reading 
She changed her major after her second year.!!!]]],
"She was quiet during dinner, so she must be upset with me.!!!\\\",mind-reading
<div>A small mistake here could completely ruin everything.</div>,CATASTROPHIZING
"If this presentation goes badly, everyone will remember it forever.",catastrophizing
"i failed one exam, so i will always fail.",overgeneralization
   My manager didn't praise me because she thinks I'm incompetent. 	  ,mind_reading
<p>The team lost the match 2-1.</p>,none
The audience was quiet because they didn't like my presentation.,mind_reading
i prefer tea to coffee., none 
Everyone in my class is smarter than me.,overgeneralization
THEY HAVEN'T COMPLIMENTED MY WORK BECAUSE THEY THINK IT'S TERRIBLE.,mind_reading
My colleague made a mistake because I didn't explain things well enough.,personalization
   The recruiter hasn't replied because they think I'm unqualified. 	  ,mind_reading
MISSING THIS DEADLINE MEANS MY CAREER IS FINISHED.,
   The train arrived ten minutes late today. 	  , none 
,mind_reading
My parents argued because I caused too much stress.,personalization
   The team missed the deadline because I wasn't good enough. 	  , personalization 
The team lost the match 2-1.,none
   They haven't complimented my work because they think it's terrible. 	  ,MIND_READING
"MY FIRST ATTEMPT DIDN'T WORK, SO THE IDEA IS USELESS.",overgeneralization
<p>The recruiter hasn't replied because they think I'm unqualified.</p>,MIND_READING
A small mistake here could completely ruin everything.,catastrophizing
One bad semester means my whole degree is a failure.!!!',over_generalization
They didn't invite me because they don't want me around.!!!>>>,mind_reading
"   If my project fails, everything I've worked for will be pointless. 	  ",catastrophizing
   The company rejected our proposal because I wasn't persuasive enough. 	  , personalization 
"   If I embarrass myself today, I'll never be able to face these people again. 	  ",catastrophizing
"   If I lose this competition, all my hard work was worthless. 	  ",catastrophizing
The team missed the deadline because I wasn't good enough.!!!==, personalization 
   My friend cancelled because I must have offended him. 	  ,MIND_READING
   Our professor assigned two chapters for Monday. 	  ,
The company rejected our proposal because I wasn't persuasive enough.,personalization
"IF I GET REJECTED, I'LL NEVER FIND ANOTHER OPPORTUNITY.",catastrophizing
   The restaurant was crowded on Saturday. 	  ,none
"The interviewer looked serious, so they probably hated my answers.",mind_reading
"If this relationship ends, I'll never be happy again.!!!-",catastrophizing
<p>The team lost the match 2-1.</p>,none
"<div>My first attempt didn't work, so the idea is useless.</div>",over_generalization
Every interview I've had has gone terribly.,OVERGENERALIZATION
They haven't complimented my work because they think it's terrible.,mind_reading
The team lost the match 2-1.!!!!!,none
   The company hired five new engineers this month. 	  , none 
"<p>I struggled with calculus, so I'm terrible at every subject.</p>",OVERGENERALIZATION
He chose another teammate because he thinks I'm useless.,mind-reading
THE RESTAURANT WAS CROWDED ON SATURDAY.,none
My parents argued because I caused too much stress.,personalization
,
My friend cancelled because I must have offended him.,mind_reading
"   If I fail this exam, my entire life is over. 	  ",
,none
"one customer complained, so all our customers must be unhappy.",overgeneralization
<div>Everyone became quiet because I said something wrong.</div>,personalization
Our team lost because I didn't play well enough.,personalization
"   If I perform badly once, I'll never be respected again. 	  ",catastrophizing
the customer was unhappy because i handled the situation badly.,PERSONALIZATION
MY FRIEND DIDN'T REPLY TO MY MESSAGE YESTERDAY.,none
"I DIDN'T GET THIS INTERNSHIP, SO I'LL NEVER GET AN INTERNSHIP.",overgeneralization
the team won three matches this season.,none
"If this presentation goes badly, everyone will remember it forever.", catastrophizing 
   People from that college are all arrogant. 	  , overgeneralization 
"if i miss this opportunity, my future is ruined.",catastrophizing
My friend cancelled our plans because I wasn't good company.,PERSONALIZATION
The audience was quiet because they didn't like my presentation.!!!...,mind_reading
The bus was delayed because of traffic.,none
THE PROJECT REQUIRES PYTHON AND A DATABASE.,none
"   If I fail this exam, my entire life is over. 	  ",catastrophizing
My friend saw my message but didn't answer because she wants to ignore me.,mind-reading
HE CHOSE ANOTHER TEAMMATE BECAUSE HE THINKS I'M USELESS.,mind_reading
   Everyone deserves equal treatment under the law. 	  ,none
   The temperature dropped significantly overnight. 	  ,none
The presentation was boring because I couldn't make it interesting.,personalization
The company rejected our proposal because I wasn't persuasive enough.!!!!,
   The restaurant was crowded on Saturday. 	  ,none
The team won three matches this season.,NONE
"<p>I made a mistake at work, so I'm bad at my job.</p>",overgeneralization
My roommate closed the door because he doesn't want to talk to me.!!!\\,mind-reading
"If I perform badly once, I'll never be respected again.!!![[[",catastrophizing
"If this presentation goes badly, everyone will remember it forever.",
the interview lasted about forty minutes.,none
   They haven't complimented my work because they think it's terrible. 	  ,mind_reading
"I didn't get this internship, so I'll never get an internship.", overgeneralization 
"   Every time I try something new, I fail. 	  ",overgeneralization
he read my message and didn't respond because he's annoyed with me.,MIND_READING
i studied for three hours before the exam.,none
My parents argued because I caused too much stress.!!!~,personalization
"they laughed after i spoke, so they were definitely laughing at me.",mind-reading
People from that college are all arrogant.,overgeneralization
   Everyone deserves equal treatment under the law. 	  , none 
   The recruiter hasn't replied because they think I'm unqualified. 	  , mind_reading 
My roommate closed the door because he doesn't want to talk to me.,mind_reading
"one customer complained, so all our customers must be unhappy.",overgeneralization
The restaurant was crowded on Saturday.,none
My roommate closed the door because he doesn't want to talk to me.!!!@, mind_reading 
He didn't reply because he must be angry with me.,mind_reading
   A single bad decision could destroy everything. 	  ,
"She sounded tired, so she must be bored of talking to me.",mind_reading
<div>Our team lost because I didn't play well enough.</div>,personalization
"<div>I failed one exam, so I will always fail.</div>",overgeneralization
"<p>I got sick once after eating there, so that restaurant always makes people sick.</p>",over_generalization
everyone became quiet because i said something wrong.,personalization
the library closes at eight in the evening.,none
Everyone in my class is smarter than me., overgeneralization 
the interview lasted about forty minutes.,none
My laptop has 16 GB of RAM.,NONE
"My first attempt didn't work, so the idea is useless.!!!))", overgeneralization 
"I made a mistake at work, so I'm bad at my job.",OVERGENERALIZATION
the team lost the match 2-1.,none
,NONE
   The interview lasted about forty minutes. 	  ,NONE
"My friend forgot my birthday, so she never cares about me.",overgeneralization
,MIND_READING
My roommate closed the door because he doesn't want to talk to me., mind_reading 
"I got sick once after eating there, so that restaurant always makes people sick.",overgeneralization
   The project failed because I wasn't capable enough. 	  ,personalization
He didn't reply because he must be angry with me.,
"One project failed, so none of my projects will ever work.",overgeneralization
"If I lose this job, I'll never recover.",catastrophizing
"the interviewer looked serious, so they probably hated my answers.", mind_reading 
Nobody wants to work with me.!!!\\,overgeneralization
"I was late today, so I'm always irresponsible.",overgeneralization
I submitted my application before the deadline.,NONE
The project failed because I wasn't capable enough.!!!!!,PERSONALIZATION
The bus was delayed because of traffic.,none
ONE BAD SEMESTER MEANS MY WHOLE DEGREE IS A FAILURE.,overgeneralization
<div>My roommate closed the door because he doesn't want to talk to me.</div>,mind-reading
It rained on our trip because I planned it badly.,PERSONALIZATION
<p>Portugal has never won the FIFA World Cup.</p>,none
"I didn't get this internship, so I'll never get an internship.",overgeneralization
THE PARTY WAS AWKWARD BECAUSE I MADE EVERYONE UNCOMFORTABLE.,PERSONALIZATION
My colleague made a mistake because I didn't explain things well enough.!!!%%,PERSONALIZATION
MY MANAGER DIDN'T PRAISE ME BECAUSE SHE THINKS I'M INCOMPETENT.,mind_reading
"<div>If I perform badly once, I'll never be respected again.</div>",CATASTROPHIZING
I STUDIED FOR THREE HOURS BEFORE THE EXAM., none 
My parents argued because I caused too much stress.,personalization
   The team lost the match 2-1. 	  ,none
"My first attempt didn't work, so the idea is useless.",overgeneralization
my parents argued because i caused too much stress.,personalization
,overgeneralization
<div>My manager didn't praise me because she thinks I'm incompetent.</div>,mind_reading
The customer was unhappy because I handled the situation badly.,personalization
everyone in my class is smarter than me.,overgeneralization
SHE CHANGED HER MAJOR AFTER HER SECOND YEAR., none 
"If I perform badly once, I'll never be respected again.",catastrophizing
He read my message and didn't respond because he's annoyed with me.!!!}}},MIND_READING
"   My professor frowned, so he must think I'm stupid. 	  ",mind_reading
It rained on our trip because I planned it badly.!!!^,PERSONALIZATION
"   I failed one exam, so I will always fail. 	  ", overgeneralization 
My friend stopped talking because I must have done something wrong.,personalization
"I STRUGGLED WITH CALCULUS, SO I'M TERRIBLE AT EVERY SUBJECT.",overgeneralization
<p>She smiled at everyone except me because she dislikes me.</p>,mind_reading
one mistake will completely ruin my future.,catastrophizing
THE PARTY WAS AWKWARD BECAUSE I MADE EVERYONE UNCOMFORTABLE.,PERSONALIZATION
the interview lasted about forty minutes.,none
he hasn't texted me because he doesn't like me anymore.,MIND_READING
"   One person rejected my idea, so people hate my ideas. 	  ",overgeneralization
one failed interview means my career is doomed.,
he walked past without saying hello because he is mad at me., mind_reading 
"If I fail this exam, my entire life is over.",
"Every time I try something new, I fail.",overgeneralization
My teammate is frustrated because I am slowing everyone down.!!!--,personalization
"if i lose this job, i'll never recover.",catastrophizing
Our team lost because I didn't play well enough.!!!!,PERSONALIZATION
She is having a bad day because I upset her.!!!-,personalization
"MY TEAM LOST TODAY, SO WE CAN NEVER WIN.",overgeneralization
"   My professor frowned, so he must think I'm stupid. 	  ",mind_reading
"MY FIRST ATTEMPT DIDN'T WORK, SO THE IDEA IS USELESS.",
My teammate is frustrated because I am slowing everyone down.,personalization
"The restaurant was crowded on Saturday.!!!,,",none
THE TEAM LOST THE MATCH 2-1.,none
THEY DIDN'T INVITE ME BECAUSE THEY DON'T WANT ME AROUND.,mind_reading
"she sounded tired, so she must be bored of talking to me.",mind_reading
THE EVENT FAILED BECAUSE I ORGANIZED IT POORLY.,
MY ROOMMATE CLOSED THE DOOR BECAUSE HE DOESN'T WANT TO TALK TO ME.,mind_reading
My parents argued because I caused too much stress., personalization 
one mistake will completely ruin my future.,catastrophizing
"if i perform badly once, i'll never be respected again.",catastrophizing
"if my project fails, everything i've worked for will be pointless.",CATASTROPHIZING
The project requires Python and a database.,none
   My teammate is frustrated because I am slowing everyone down. 	  ,personalization
"SHE LOOKED AWAY, SO SHE PROBABLY THINKS I'M BORING.",mind_reading
"i failed one exam, so i will always fail.",overgeneralization
The team lost the match 2-1.,none
I submitted my application before the deadline.,none
A bad grade will destroy all my chances of succeeding.!!!__, catastrophizing 
One rejection could mean I have no future in this field.!!!^^^,catastrophizing
He is in a bad mood because of me.,personalization
the customer was unhappy because i handled the situation badly.,personalization
"she sounded tired, so she must be bored of talking to me.",mind_reading
PORTUGAL HAS NEVER WON THE FIFA WORLD CUP.,none
"One project failed, so none of my projects will ever work.",overgeneralization
"   If I make a mistake in front of the team, I'll lose everyone's respect forever. 	  ",catastrophizing
The train arrived ten minutes late today.!!!}}},NONE
He is in a bad mood because of me.,personalization
<p>Portugal has never won the FIFA World Cup.</p>,NONE
,personalization
My friend stopped talking because I must have done something wrong.!!!&&&,personalization
"If I miss this opportunity, my future is ruined.",catastrophizing
my friend stopped talking because i must have done something wrong.,personalization
The company hired five new engineers this month.,none
The interview lasted about forty minutes.,none
The bus was delayed because of traffic.,none
"<p>If I make a mistake in front of the team, I'll lose everyone's respect forever.</p>",
<div>Portugal has never won the FIFA World Cup.</div>,none
the temperature dropped significantly overnight.,
EVERYONE BECAME QUIET BECAUSE I SAID SOMETHING WRONG., personalization 
The customer was unhappy because I handled the situation badly.!!!|||,PERSONALIZATION
<div>He chose another teammate because he thinks I'm useless.</div>,mind_reading
"IF I LOSE THIS JOB, I'LL NEVER RECOVER.",catastrophizing
"IF I MAKE A MISTAKE IN FRONT OF THE TEAM, I'LL LOSE EVERYONE'S RESPECT FOREVER.",catastrophizing
My colleague made a mistake because I didn't explain things well enough.!!!*,personalization
,none
Our team lost because I didn't play well enough.,personalization
"My friend is unhappy today, so it must be because of something I did.!!!__", personalization 
"I was late today, so I'm always irresponsible.",OVERGENERALIZATION
"She sounded tired, so she must be bored of talking to me.",mind_reading
"If I embarrass myself today, I'll never be able to face these people again.",catastrophizing
"<p>I made a mistake at work, so I'm bad at my job.</p>",overgeneralization
He read my message and didn't respond because he's annoyed with me.!!!$$$,mind_reading
"I didn't get this internship, so I'll never get an internship.",overgeneralization
PORTUGAL HAS NEVER WON THE FIFA WORLD CUP.,none
One mistake will completely ruin my future.,catastrophizing
THE TEMPERATURE DROPPED SIGNIFICANTLY OVERNIGHT.,NONE
<div>The party was awkward because I made everyone uncomfortable.</div>,PERSONALIZATION
"She was quiet during dinner, so she must be upset with me.",mind_reading
"<div>One person rejected my idea, so people hate my ideas.</div>",overgeneralization
,over_generalization
"i was late today, so i'm always irresponsible.",over_generalization
,none
"IF I DON'T GET INTO THIS COLLEGE, MY LIFE WILL BE A DISASTER.",CATASTROPHIZING
"If I don't get into this college, my life will be a disaster.!!!###",catastrophizing
"The interviewer looked serious, so they probably hated my answers.",mind-reading
MY MANAGER DIDN'T PRAISE ME BECAUSE SHE THINKS I'M INCOMPETENT.,mind_reading
<div>The recruiter hasn't replied because they think I'm unqualified.</div>, mind_reading 
THE CUSTOMER WAS UNHAPPY BECAUSE I HANDLED THE SITUATION BADLY.,personalization
The party was awkward because I made everyone uncomfortable.!!!::,PERSONALIZATION
<div>Missing this deadline means my career is finished.</div>,CATASTROPHIZING
My parents argued because I caused too much stress.!!!::,personalization
MY FRIEND DIDN'T REPLY TO MY MESSAGE YESTERDAY.,none
<p>The group didn't finish on time because I wasn't useful enough.</p>,personalization
,
Nobody ever listens to what I say.,overgeneralization
"<div>My friend is unhappy today, so it must be because of something I did.</div>",personalization
She smiled at everyone except me because she dislikes me.,mind_reading
"EVERY TIME I TRY SOMETHING NEW, I FAIL.",OVERGENERALIZATION
"She was quiet during dinner, so she must be upset with me.", mind_reading 
"Every time I try something new, I fail.",overgeneralization
my manager didn't praise me because she thinks i'm incompetent.,mind_reading
"One person rejected my idea, so people hate my ideas.",overgeneralization
, personalization 
A SMALL MISTAKE HERE COULD COMPLETELY RUIN EVERYTHING.,catastrophizing
They didn't invite me because they don't want me around.!!!^^,mind_reading
, mind_reading 
"If I perform badly once, I'll never be respected again.",CATASTROPHIZING
One bad semester means my whole degree is a failure.!!!(,overgeneralization
   The party was awkward because I made everyone uncomfortable. 	  ,PERSONALIZATION
   My teammate is frustrated because I am slowing everyone down. 	  ,personalization
<p>People from that college are all arrogant.</p>,over_generalization
SHE CHANGED HER MAJOR AFTER HER SECOND YEAR.,none
EVERY INTERVIEW I'VE HAD HAS GONE TERRIBLY.,overgeneralization
The company hired five new engineers this month.!!!<<<, none 
People from that college are all arrogant.,overgeneralization
One bad semester means my whole degree is a failure.,overgeneralization
"One project failed, so none of my projects will ever work.!!!''",OVERGENERALIZATION
"The customer was unhappy because I handled the situation badly.!!!,,",PERSONALIZATION
The restaurant was crowded on Saturday.,none
People from that college are all arrogant.,overgeneralization
"They didn't invite me because they don't want me around.!!!""", mind_reading 
"she sounded tired, so she must be bored of talking to me.",mind_reading
<div>He didn't reply because he must be angry with me.</div>,mind-reading
   The recruiter hasn't replied because they think I'm unqualified. 	  ,mind-reading
MY FRIEND STOPPED TALKING BECAUSE I MUST HAVE DONE SOMETHING WRONG.,personalization
MY MANAGER DIDN'T PRAISE ME BECAUSE SHE THINKS I'M INCOMPETENT., mind_reading 
the event failed because i organized it poorly.,personalization
"They laughed after I spoke, so they were definitely laughing at me.",mind-reading
"One person rejected my idea, so people hate my ideas.",overgeneralization
"<div>She looked away, so she probably thinks I'm boring.</div>",mind_reading
,none
My friend stopped talking because I must have done something wrong.,personalization
The company rejected our proposal because I wasn't persuasive enough.,personalization
One failed interview means my career is doomed.,
"If my project fails, everything I've worked for will be pointless.",
The company hired five new engineers this month.!!!>,
MY MANAGER DIDN'T PRAISE ME BECAUSE SHE THINKS I'M INCOMPETENT.,mind_reading
I submitted my application before the deadline.,NONE
"   If I embarrass myself today, I'll never be able to face these people again. 	  ",CATASTROPHIZING
People from that college are all arrogant.,OVERGENERALIZATION
"   I made a mistake at work, so I'm bad at my job. 	  ",overgeneralization
The event failed because I organized it poorly.,personalization
   The team lost the match 2-1. 	  ,NONE
"<p>If I embarrass myself today, I'll never be able to face these people again.</p>",CATASTROPHIZING
   My friend cancelled because I must have offended him. 	  ,MIND_READING
"If I lose this competition, all my hard work was worthless.",catastrophizing
"my first attempt didn't work, so the idea is useless.",overgeneralization
   I prefer tea to coffee. 	  , none 
   My parents argued because I caused too much stress. 	  ,personalization
THE TEMPERATURE DROPPED SIGNIFICANTLY OVERNIGHT.,none
   He is in a bad mood because of me. 	  ,personalization
I submitted my application before the deadline.,
,overgeneralization
"IF MY PRESENTATION FAILS, NOBODY WILL EVER TRUST ME AGAIN.",catastrophizing
   My roommate closed the door because he doesn't want to talk to me. 	  ,mind_reading
I STUDIED FOR THREE HOURS BEFORE THE EXAM.,none
My friend didn't reply to my message yesterday.,none
   The restaurant was crowded on Saturday. 	  ,none
   My friend cancelled our plans because I wasn't good company. 	  , personalization 
my manager didn't praise me because she thinks i'm incompetent.,mind_reading
"   I was late today, so I'm always irresponsible. 	  ",over_generalization
"I got sick once after eating there, so that restaurant always makes people sick.",over_generalization
They didn't invite me because they don't want me around.,mind_reading
"<div>If this presentation goes badly, everyone will remember it forever.</div>",catastrophizing
"   My professor frowned, so he must think I'm stupid. 	  ", mind_reading 
the team missed the deadline because i wasn't good enough.,personalization
<p>A bad grade will destroy all my chances of succeeding.</p>,catastrophizing
MY MANAGER DIDN'T PRAISE ME BECAUSE SHE THINKS I'M INCOMPETENT.,mind_reading
he read my message and didn't respond because he's annoyed with me.,mind_reading
"<p>If I make a mistake in front of the team, I'll lose everyone's respect forever.</p>",catastrophizing
The interview lasted about forty minutes.!!!___, none 
The group didn't finish on time because I wasn't useful enough.,personalization
The party was awkward because I made everyone uncomfortable.,PERSONALIZATION
My friend didn't reply to my message yesterday., none 
<p>The team missed the deadline because I wasn't good enough.</p>,
The temperature dropped significantly overnight., none 
The group didn't finish on time because I wasn't useful enough.!!!}},PERSONALIZATION
<div>He is in a bad mood because of me.</div>,PERSONALIZATION
One bad semester means my whole degree is a failure., overgeneralization 
EVERYONE DESERVES EQUAL TREATMENT UNDER THE LAW.,none
"MY TEAM LOST TODAY, SO WE CAN NEVER WIN.",over_generalization
Everyone became quiet because I said something wrong.!!!>>>,personalization
"I failed one exam, so I will always fail.!!!<<<",overgeneralization
,overgeneralization
The interview lasted about forty minutes.,none
the group didn't finish on time because i wasn't useful enough.,PERSONALIZATION
Nobody wants to work with me.,OVERGENERALIZATION
i made one mistake in the presentation.,NONE
"My professor frowned, so he must think I'm stupid.", mind_reading 
"   If I don't get into this college, my life will be a disaster. 	  ",catastrophizing
He chose another teammate because he thinks I'm useless.!!!*,mind-reading
"She looked away, so she probably thinks I'm boring.!!!++",mind-reading
A small mistake here could completely ruin everything.,catastrophizing
THE TEAM LOST THE MATCH 2-1.,none
"<div>Every time I try something new, I fail.</div>",overgeneralization
<p>One bad semester means my whole degree is a failure.</p>,overgeneralization
   The temperature dropped significantly overnight. 	  ,none
   It rained on our trip because I planned it badly. 	  ,personalization
"My first attempt didn't work, so the idea is useless.",overgeneralization
"If I embarrass myself today, I'll never be able to face these people again.",catastrophizing
"ONE PROJECT FAILED, SO NONE OF MY PROJECTS WILL EVER WORK.",
"One person rejected my idea, so people hate my ideas.",
My friend didn't reply to my message yesterday.,none
,personalization
   One mistake will completely ruin my future. 	  ,CATASTROPHIZING
<p>I studied for three hours before the exam.</p>,none
I MADE ONE MISTAKE IN THE PRESENTATION.,none
THE TEAM WON THREE MATCHES THIS SEASON.,none
"<div>They laughed after I spoke, so they were definitely laughing at me.</div>",mind_reading
My manager didn't praise me because she thinks I'm incompetent.,mind-reading
<div>My laptop has 16 GB of RAM.</div>,none
<p>He chose another teammate because he thinks I'm useless.</p>,mind-reading
"If I embarrass myself today, I'll never be able to face these people again.",catastrophizing
MY FRIEND CANCELLED BECAUSE I MUST HAVE OFFENDED HIM.,mind_reading
MY TEAMMATE IS FRUSTRATED BECAUSE I AM SLOWING EVERYONE DOWN.,PERSONALIZATION
THE COMPANY REJECTED OUR PROPOSAL BECAUSE I WASN'T PERSUASIVE ENOUGH.,PERSONALIZATION
the team won three matches this season.,none
MY ROOMMATE CLOSED THE DOOR BECAUSE HE DOESN'T WANT TO TALK TO ME.,MIND_READING
THE PROJECT FAILED BECAUSE I WASN'T CAPABLE ENOUGH.,personalization
   I submitted my application before the deadline. 	  ,none
<div>I prefer tea to coffee.</div>,none
It rained on our trip because I planned it badly., personalization 
, none 
Portugal has never won the FIFA World Cup.,NONE
The team lost the match 2-1.,
,mind_reading
   He walked past without saying hello because he is mad at me. 	  , mind_reading 
"The interviewer looked serious, so they probably hated my answers.!!!~~~",mind_reading
The party was awkward because I made everyone uncomfortable.!!!((, personalization 
EVERYONE IN MY CLASS IS SMARTER THAN ME.,overgeneralization
one rejection could mean i have no future in this field.,catastrophizing
EVERYONE DESERVES EQUAL TREATMENT UNDER THE LAW.,NONE
,PERSONALIZATION
A single bad decision could destroy everything.,catastrophizing
He walked past without saying hello because he is mad at me.!!!(,mind_reading
HE READ MY MESSAGE AND DIDN'T RESPOND BECAUSE HE'S ANNOYED WITH ME.,mind_reading
"If I embarrass myself today, I'll never be able to face these people again.", catastrophizing 
"<div>If this relationship ends, I'll never be happy again.</div>", catastrophizing 
   It rained on our trip because I planned it badly. 	  ,personalization
THE TEAM LOST THE MATCH 2-1.,none
my friend cancelled because i must have offended him.,mind_reading
She is having a bad day because I upset her.,PERSONALIZATION
Missing this deadline means my career is finished., catastrophizing 
THE GROUP DIDN'T FINISH ON TIME BECAUSE I WASN'T USEFUL ENOUGH.,personalization
EVERYONE BECAME QUIET BECAUSE I SAID SOMETHING WRONG.,personalization
One rejection could mean I have no future in this field.,catastrophizing
the team lost the match 2-1.,none
   My friend cancelled because I must have offended him. 	  ,
They haven't complimented my work because they think it's terrible.,mind_reading
"   One person rejected my idea, so people hate my ideas. 	  ",overgeneralization
<p>The event failed because I organized it poorly.</p>,personalization
"If I fail this exam, my entire life is over.",catastrophizing
<p>The library closes at eight in the evening.</p>,none
THEY HAVEN'T COMPLIMENTED MY WORK BECAUSE THEY THINK IT'S TERRIBLE.,mind_reading
<p>The project requires Python and a database.</p>,NONE
she changed her major after her second year., none 
"if this presentation goes badly, everyone will remember it forever.",catastrophizing
The team won three matches this season.,none
One bad semester means my whole degree is a failure.!!!```,overgeneralization
"If I lose this job, I'll never recover.!!!###",catastrophizing
"I made one awkward comment, so I ruin every conversation.", overgeneralization 
The restaurant was crowded on Saturday., none 
he read my message and didn't respond because he's annoyed with me.,mind_reading
My teammate is frustrated because I am slowing everyone down.,personalization
"I made a mistake at work, so I'm bad at my job.",overgeneralization
The train arrived ten minutes late today., none 
THE GROUP DIDN'T FINISH ON TIME BECAUSE I WASN'T USEFUL ENOUGH.,personalization
,overgeneralization
He read my message and didn't respond because he's annoyed with me.,mind_reading
My manager didn't praise me because she thinks I'm incompetent.!!!}},mind_reading
MY FRIEND SAW MY MESSAGE BUT DIDN'T ANSWER BECAUSE SHE WANTS TO IGNORE ME.,MIND_READING
"I struggled with calculus, so I'm terrible at every subject.!!!\\\",overgeneralization
<div>My roommate closed the door because he doesn't want to talk to me.</div>,mind_reading
,personalization
she is having a bad day because i upset her.,personalization
   One bad semester means my whole degree is a failure. 	  ,overgeneralization
   People from that college are all arrogant. 	  ,overgeneralization
The company rejected our proposal because I wasn't persuasive enough.,personalization
One mistake will completely ruin my future., catastrophizing 
"IF I GET REJECTED, I'LL NEVER FIND ANOTHER OPPORTUNITY.",catastrophizing
I studied for three hours before the exam.,none
MY LAPTOP HAS 16 GB OF RAM.,none
"She looked away, so she probably thinks I'm boring.",mind-reading
<p>My friend stopped talking because I must have done something wrong.</p>,personalization
   I made one mistake in the presentation. 	  , none 
"One customer complained, so all our customers must be unhappy.",over_generalization
"if my project fails, everything i've worked for will be pointless.",catastrophizing
The project failed because I wasn't capable enough.!!!;;;,
"I made a mistake at work, so I'm bad at my job.",overgeneralization
"   They laughed after I spoke, so they were definitely laughing at me. 	  ",mind_reading
   My laptop has 16 GB of RAM. 	  ,NONE
   Our professor assigned two chapters for Monday. 	  ,none
"My first attempt didn't work, so the idea is useless.",OVERGENERALIZATION
   The group didn't finish on time because I wasn't useful enough. 	  ,personalization
"i got sick once after eating there, so that restaurant always makes people sick.",OVERGENERALIZATION
"If this relationship ends, I'll never be happy again.!!!:::",catastrophizing
The customer was unhappy because I handled the situation badly.,personalization
"IF I GET REJECTED, I'LL NEVER FIND ANOTHER OPPORTUNITY.",
My friend didn't reply to my message yesterday.,none
"MY FRIEND FORGOT MY BIRTHDAY, SO SHE NEVER CARES ABOUT ME.",overgeneralization
"ONE CUSTOMER COMPLAINED, SO ALL OUR CUSTOMERS MUST BE UNHAPPY.",overgeneralization
   My friend didn't reply to my message yesterday. 	  ,
The meeting went badly because I ruined it for everyone.,PERSONALIZATION
I submitted my application before the deadline.,NONE
"If my project fails, everything I've worked for will be pointless.",catastrophizing
She changed her major after her second year., none 
"<p>They laughed after I spoke, so they were definitely laughing at me.</p>",mind-reading
NOBODY WANTS TO WORK WITH ME.,overgeneralization
"   Every time I try something new, I fail. 	  ",OVERGENERALIZATION
   The meeting went badly because I ruined it for everyone. 	  ,
"ONE PROJECT FAILED, SO NONE OF MY PROJECTS WILL EVER WORK.",over_generalization
the library closes at eight in the evening.,NONE
"My first attempt didn't work, so the idea is useless.",over_generalization
The presentation was boring because I couldn't make it interesting.,personalization
"she sounded tired, so she must be bored of talking to me.",mind_reading
"I made one awkward comment, so I ruin every conversation.!!!!",overgeneralization
My teammate is frustrated because I am slowing everyone down.!!!#,personalization
Portugal has never won the FIFA World Cup.,none
The project requires Python and a database.!!!::,none
   A small mistake here could completely ruin everything. 	  , catastrophizing 
"<p>If I get rejected, I'll never find another opportunity.</p>", catastrophizing 
"I MADE ONE AWKWARD COMMENT, SO I RUIN EVERY CONVERSATION.",over_generalization
"<div>My professor frowned, so he must think I'm stupid.</div>", mind_reading 
"if my presentation fails, nobody will ever trust me again.",catastrophizing
"My first attempt didn't work, so the idea is useless.",overgeneralization
   The group didn't finish on time because I wasn't useful enough. 	  ,personalization
   The team won three matches this season. 	  ,none
"Every time I try something new, I fail.", overgeneralization 
he chose another teammate because he thinks i'm useless.,mind_reading
<p>One rejection could mean I have no future in this field.</p>,catastrophizing
<div>My parents argued because I caused too much stress.</div>,personalization
<p>Everyone deserves equal treatment under the law.</p>, none 
<p>The library closes at eight in the evening.</p>, none 
the project requires python and a database., none 
"THEY LAUGHED AFTER I SPOKE, SO THEY WERE DEFINITELY LAUGHING AT ME.",mind_reading
<div>The team lost the match 2-1.</div>,none
One mistake will completely ruin my future.!!!-, catastrophizing 
"I got sick once after eating there, so that restaurant always makes people sick.!!!)))",overgeneralization
   The restaurant was crowded on Saturday. 	  ,none
"I prefer tea to coffee.!!!,,",none
"i struggled with calculus, so i'm terrible at every subject.",overgeneralization
one rejection could mean i have no future in this field., catastrophizing 
"<div>I was late today, so I'm always irresponsible.</div>",overgeneralization
"If my project fails, everything I've worked for will be pointless.",catastrophizing
My friend stopped talking because I must have done something wrong.!!!<,personalization
,catastrophizing
THE TEAM WON THREE MATCHES THIS SEASON.,none
"I was late today, so I'm always irresponsible.",overgeneralization
the company rejected our proposal because i wasn't persuasive enough.,PERSONALIZATION
he walked past without saying hello because he is mad at me., mind_reading 
Portugal has never won the FIFA World Cup.,none
"   If my presentation fails, nobody will ever trust me again. 	  ",catastrophizing
"<div>If I perform badly once, I'll never be respected again.</div>",
"My team lost today, so we can never win.",overgeneralization
"I made one awkward comment, so I ruin every conversation.!!!!!!",over_generalization
"I GOT SICK ONCE AFTER EATING THERE, SO THAT RESTAURANT ALWAYS MAKES PEOPLE SICK.",over_generalization
"<p>She looked away, so she probably thinks I'm boring.</p>",mind_reading
the customer was unhappy because i handled the situation badly.,PERSONALIZATION
THE PARTY WAS AWKWARD BECAUSE I MADE EVERYONE UNCOMFORTABLE.,personalization
"IF I FAIL THIS EXAM, MY ENTIRE LIFE IS OVER.",catastrophizing
Missing this deadline means my career is finished.,catastrophizing
The group didn't finish on time because I wasn't useful enough.,personalization
,
Portugal has never won the FIFA World Cup.,
<p>The library closes at eight in the evening.</p>, none 
   I submitted my application before the deadline. 	  , none 
"THEY LAUGHED AFTER I SPOKE, SO THEY WERE DEFINITELY LAUGHING AT ME.",MIND_READING
"One project failed, so none of my projects will ever work.",overgeneralization
My friend cancelled our plans because I wasn't good company.,personalization
<p>The party was awkward because I made everyone uncomfortable.</p>, personalization 
"If I perform badly once, I'll never be respected again.!!![[[",catastrophizing
The interview lasted about forty minutes.,none
<p>The customer was unhappy because I handled the situation badly.</p>,personalization
my friend saw my message but didn't answer because she wants to ignore me.,mind_reading
One mistake will completely ruin my future.,catastrophizing
   The team lost the match 2-1. 	  ,none
"<p>One customer complained, so all our customers must be unhappy.</p>", overgeneralization 
   He walked past without saying hello because he is mad at me. 	  ,mind-reading
"   My friend is unhappy today, so it must be because of something I did. 	  ",PERSONALIZATION
, overgeneralization 
"One customer complained, so all our customers must be unhappy.",overgeneralization
The library closes at eight in the evening.!!!\, none 
"One person rejected my idea, so people hate my ideas.",overgeneralization
"If I embarrass myself today, I'll never be able to face these people again.", catastrophizing 
Our professor assigned two chapters for Monday.,none
SHE SMILED AT EVERYONE EXCEPT ME BECAUSE SHE DISLIKES ME.,MIND_READING
HE HASN'T TEXTED ME BECAUSE HE DOESN'T LIKE ME ANYMORE., mind_reading 
"If I get rejected, I'll never find another opportunity.!!!$",catastrophizing
"   I made a mistake at work, so I'm bad at my job. 	  ",overgeneralization
A bad grade will destroy all my chances of succeeding., catastrophizing 
"I GOT SICK ONCE AFTER EATING THERE, SO THAT RESTAURANT ALWAYS MAKES PEOPLE SICK.", overgeneralization 
PORTUGAL HAS NEVER WON THE FIFA WORLD CUP.,NONE
my friend stopped talking because i must have done something wrong.,personalization
"IF THIS RELATIONSHIP ENDS, I'LL NEVER BE HAPPY AGAIN.", catastrophizing 
My friend stopped talking because I must have done something wrong.!!!&&,personalization
<div>The presentation was boring because I couldn't make it interesting.</div>,personalization
My colleague made a mistake because I didn't explain things well enough.,personalization
   The meeting went badly because I ruined it for everyone. 	  ,personalization
The customer was unhappy because I handled the situation badly.,personalization
THE RESTAURANT WAS CROWDED ON SATURDAY.,none
"   I got sick once after eating there, so that restaurant always makes people sick. 	  ", overgeneralization 
i submitted my application before the deadline.,none
PEOPLE FROM THAT COLLEGE ARE ALL ARROGANT.,OVERGENERALIZATION
my teammate is frustrated because i am slowing everyone down.,PERSONALIZATION
"I was late today, so I'm always irresponsible.!!!{{{", overgeneralization 
   The audience was quiet because they didn't like my presentation. 	  ,mind_reading
"IF I PERFORM BADLY ONCE, I'LL NEVER BE RESPECTED AGAIN.",catastrophizing
"<div>If my project fails, everything I've worked for will be pointless.</div>", catastrophizing 
"   One customer complained, so all our customers must be unhappy. 	  ", overgeneralization 
The party was awkward because I made everyone uncomfortable.,PERSONALIZATION
"if i get rejected, i'll never find another opportunity.",catastrophizing
i made one mistake in the presentation.,NONE
   My roommate closed the door because he doesn't want to talk to me. 	  ,mind_reading
"IF I EMBARRASS MYSELF TODAY, I'LL NEVER BE ABLE TO FACE THESE PEOPLE AGAIN.",catastrophizing
<div>I made one mistake in the presentation.</div>, none 
Every interview I've had has gone terribly.!!!))),
"If I fail this exam, my entire life is over.",catastrophizing
missing this deadline means my career is finished.,catastrophizing
Everyone in my class is smarter than me.,overgeneralization
missing this deadline means my career is finished.,catastrophizing
,catastrophizing
"   She looked away, so she probably thinks I'm boring. 	  ",mind_reading
my colleague made a mistake because i didn't explain things well enough.,personalization
"I got sick once after eating there, so that restaurant always makes people sick.",overgeneralization
<p>Portugal has never won the FIFA World Cup.</p>, none 
,personalization
,catastrophizing
the company rejected our proposal because i wasn't persuasive enough.,PERSONALIZATION
"<p>My friend is unhappy today, so it must be because of something I did.</p>",personalization
   He chose another teammate because he thinks I'm useless. 	  ,MIND_READING
He chose another teammate because he thinks I'm useless.,MIND_READING
"   I got sick once after eating there, so that restaurant always makes people sick. 	  ",overgeneralization
The project failed because I wasn't capable enough.!!!<<, personalization 
everyone became quiet because i said something wrong.,personalization
The restaurant was crowded on Saturday.,none
They haven't complimented my work because they think it's terrible.!!!@@,mind_reading
One mistake will completely ruin my future.,catastrophizing
<p>I made one mistake in the presentation.</p>,none
One bad semester means my whole degree is a failure.!!!}}},over_generalization
"I got sick once after eating there, so that restaurant always makes people sick.",overgeneralization
"   If my presentation fails, nobody will ever trust me again. 	  ",catastrophizing
"IF I FAIL THIS EXAM, MY ENTIRE LIFE IS OVER.", catastrophizing 
nobody ever listens to what i say.,OVERGENERALIZATION
<div>He walked past without saying hello because he is mad at me.</div>,mind_reading
"IF I DON'T GET INTO THIS COLLEGE, MY LIFE WILL BE A DISASTER.",catastrophizing
<p>The library closes at eight in the evening.</p>,NONE
"MY FIRST ATTEMPT DIDN'T WORK, SO THE IDEA IS USELESS.",OVERGENERALIZATION
SHE IS HAVING A BAD DAY BECAUSE I UPSET HER.,personalization
   The team won three matches this season. 	  ,none
He chose another teammate because he thinks I'm useless.!!!!,MIND_READING
"   My first attempt didn't work, so the idea is useless. 	  ",over_generalization
OUR TEAM LOST BECAUSE I DIDN'T PLAY WELL ENOUGH.,personalization
   The group didn't finish on time because I wasn't useful enough. 	  ,PERSONALIZATION
,personalization
"i was late today, so i'm always irresponsible.", overgeneralization 
   Everyone became quiet because I said something wrong. 	  ,personalization
"<div>My first attempt didn't work, so the idea is useless.</div>",overgeneralization
,overgeneralization
nobody wants to work with me.,over_generalization
My teammate is frustrated because I am slowing everyone down.,personalization
   The library closes at eight in the evening. 	  ,none
   I submitted my application before the deadline. 	  ,NONE
   Everyone in my class is smarter than me. 	  ,overgeneralization
The company rejected our proposal because I wasn't persuasive enough.!!!--,personalization
"IF I PERFORM BADLY ONCE, I'LL NEVER BE RESPECTED AGAIN.",catastrophizing
The recruiter hasn't replied because they think I'm unqualified.,mind_reading
"My team lost today, so we can never win.",over_generalization
he walked past without saying hello because he is mad at me.,mind-reading
Everyone in my class is smarter than me.!!!''',OVERGENERALIZATION
One mistake will completely ruin my future.!!!(((, catastrophizing 
"   She was quiet during dinner, so she must be upset with me. 	  ",mind_reading
<div>Our professor assigned two chapters for Monday.</div>,NONE
My roommate closed the door because he doesn't want to talk to me.,MIND_READING
She is having a bad day because I upset her., personalization 
I PREFER TEA TO COFFEE., none 
"I made one awkward comment, so I ruin every conversation.",overgeneralization
Everyone in my class is smarter than me.!!!+,over_generalization
My teammate is frustrated because I am slowing everyone down.,personalization
   The party was awkward because I made everyone uncomfortable. 	  , personalization 
<div>I studied for three hours before the exam.</div>, none 
MY FRIEND CANCELLED OUR PLANS BECAUSE I WASN'T GOOD COMPANY.,personalization
"I struggled with calculus, so I'm terrible at every subject.",overgeneralization
Everyone in my class is smarter than me.!!!--,OVERGENERALIZATION
"i struggled with calculus, so i'm terrible at every subject.", overgeneralization 
"<div>If I miss this opportunity, my future is ruined.</div>",CATASTROPHIZING
My friend didn't reply to my message yesterday., none 
She changed her major after her second year.,none
<div>The audience was quiet because they didn't like my presentation.</div>,mind_reading
"IF I MAKE A MISTAKE IN FRONT OF THE TEAM, I'LL LOSE EVERYONE'S RESPECT FOREVER.",catastrophizing
<p>The library closes at eight in the evening.</p>,none
my friend stopped talking because i must have done something wrong.,personalization
"if i lose this job, i'll never recover.",catastrophizing
"I FAILED ONE EXAM, SO I WILL ALWAYS FAIL.",OVERGENERALIZATION
she is having a bad day because i upset her.,personalization
My friend stopped talking because I must have done something wrong., personalization 
"If I embarrass myself today, I'll never be able to face these people again.!!!===",catastrophizing
Everyone deserves equal treatment under the law.,NONE
   Our team lost because I didn't play well enough. 	  ,personalization
   My laptop has 16 GB of RAM. 	  ,none
THE RECRUITER HASN'T REPLIED BECAUSE THEY THINK I'M UNQUALIFIED.,MIND_READING
He is in a bad mood because of me., personalization 
   The recruiter hasn't replied because they think I'm unqualified. 	  ,MIND_READING
<p>A small mistake here could completely ruin everything.</p>,CATASTROPHIZING
<p>He didn't reply because he must be angry with me.</p>,MIND_READING
The meeting went badly because I ruined it for everyone.!!!..,PERSONALIZATION
,catastrophizing
One rejection could mean I have no future in this field.,catastrophizing
"The interviewer looked serious, so they probably hated my answers.",mind_reading
<div>The company hired five new engineers this month.</div>,none
"if i lose this job, i'll never recover.",catastrophizing
THE PRESENTATION WAS BORING BECAUSE I COULDN'T MAKE IT INTERESTING.,PERSONALIZATION
, personalization 
<p>He hasn't texted me because he doesn't like me anymore.</p>,mind_reading
"   I didn't get this internship, so I'll never get an internship. 	  ", overgeneralization 
Every interview I've had has gone terribly.!!!&&,OVERGENERALIZATION
"She looked away, so she probably thinks I'm boring.",MIND_READING
Every interview I've had has gone terribly.,overgeneralization
"<p>If this relationship ends, I'll never be happy again.</p>",catastrophizing
"She was quiet during dinner, so she must be upset with me.!!!^^^",mind_reading
   The interview lasted about forty minutes. 	  ,none
   She changed her major after her second year. 	  ,none
EVERYONE BECAME QUIET BECAUSE I SAID SOMETHING WRONG.,personalization
the event failed because i organized it poorly.,personalization
<p>He didn't reply because he must be angry with me.</p>,MIND_READING
a single bad decision could destroy everything.,catastrophizing
,OVERGENERALIZATION
   Missing this deadline means my career is finished. 	  ,CATASTROPHIZING
"I struggled with calculus, so I'm terrible at every subject.",over_generalization
"If I perform badly once, I'll never be respected again.!!!;;",catastrophizing
He is in a bad mood because of me.,personalization
Our team lost because I didn't play well enough.,personalization
nobody wants to work with me.,OVERGENERALIZATION
   The company rejected our proposal because I wasn't persuasive enough. 	  ,personalization
<p>The audience was quiet because they didn't like my presentation.</p>,mind_reading
"I made a mistake at work, so I'm bad at my job.",overgeneralization
"My professor frowned, so he must think I'm stupid.",mind_reading
She is having a bad day because I upset her.!!!!,personalization
"If this relationship ends, I'll never be happy again.!!!!!",catastrophizing
,catastrophizing
"If I get rejected, I'll never find another opportunity.",CATASTROPHIZING
He is in a bad mood because of me.,personalization
My colleague made a mistake because I didn't explain things well enough.!!!<<, personalization 
"If I perform badly once, I'll never be respected again.",catastrophizing
<div>The interview lasted about forty minutes.</div>,none
,none
"MY FIRST ATTEMPT DIDN'T WORK, SO THE IDEA IS USELESS.",over_generalization
HE HASN'T TEXTED ME BECAUSE HE DOESN'T LIKE ME ANYMORE.,mind_reading
"MY TEAM LOST TODAY, SO WE CAN NEVER WIN.",overgeneralization
My parents argued because I caused too much stress.,PERSONALIZATION
"if this presentation goes badly, everyone will remember it forever.",CATASTROPHIZING
"If I don't get into this college, my life will be a disaster.!!!\",catastrophizing
"I failed one exam, so I will always fail.",overgeneralization
One failed interview means my career is doomed.,CATASTROPHIZING
, catastrophizing 
the company rejected our proposal because i wasn't persuasive enough.,personalization
"If I miss this opportunity, my future is ruined.",catastrophizing
"MY TEAM LOST TODAY, SO WE CAN NEVER WIN.",overgeneralization
<div>My friend cancelled our plans because I wasn't good company.</div>,PERSONALIZATION
<div>Nobody wants to work with me.</div>,overgeneralization
"I GOT SICK ONCE AFTER EATING THERE, SO THAT RESTAURANT ALWAYS MAKES PEOPLE SICK.",overgeneralization
"My friend is unhappy today, so it must be because of something I did.",personalization
The temperature dropped significantly overnight., none 
THE PRESENTATION WAS BORING BECAUSE I COULDN'T MAKE IT INTERESTING.,personalization
"I made one mistake in the presentation.!!!,",none
The bus was delayed because of traffic.,NONE
   My teammate is frustrated because I am slowing everyone down. 	  ,PERSONALIZATION
,none
"   One person rejected my idea, so people hate my ideas. 	  ",overgeneralization
one rejection could mean i have no future in this field., catastrophizing 
One bad semester means my whole degree is a failure., overgeneralization 
"IF MY PROJECT FAILS, EVERYTHING I'VE WORKED FOR WILL BE POINTLESS.",catastrophizing
"I FAILED ONE EXAM, SO I WILL ALWAYS FAIL.",overgeneralization
"   My professor frowned, so he must think I'm stupid. 	  ",mind_reading
"<div>Every time I try something new, I fail.</div>",
"My friend forgot my birthday, so she never cares about me.", overgeneralization 
the audience was quiet because they didn't like my presentation.,mind-reading
A single bad decision could destroy everything.!!!],catastrophizing
   My manager didn't praise me because she thinks I'm incompetent. 	  ,mind_reading
The company rejected our proposal because I wasn't persuasive enough.,personalization
My parents argued because I caused too much stress.,personalization
A small mistake here could completely ruin everything.,catastrophizing
   The audience was quiet because they didn't like my presentation. 	  ,mind-reading
"If I lose this job, I'll never recover.",catastrophizing
I SUBMITTED MY APPLICATION BEFORE THE DEADLINE.,none
"i was late today, so i'm always irresponsible.", overgeneralization 
ONE MISTAKE WILL COMPLETELY RUIN MY FUTURE.,CATASTROPHIZING
A small mistake here could completely ruin everything.,catastrophizing
The company hired five new engineers this month., none 
<div>The train arrived ten minutes late today.</div>,none
i made one mistake in the presentation.,none
He is in a bad mood because of me.!!!''',personalization
The company hired five new engineers this month.,none
,overgeneralization
the project requires python and a database.,none
"If I don't get into this college, my life will be a disaster.!!![[[", catastrophizing 
"She was quiet during dinner, so she must be upset with me.",MIND_READING
THE PRESENTATION WAS BORING BECAUSE I COULDN'T MAKE IT INTERESTING.,personalization
Nobody wants to work with me.,OVERGENERALIZATION
, overgeneralization 
i studied for three hours before the exam.,none
<div>He walked past without saying hello because he is mad at me.</div>,mind_reading
"if i get rejected, i'll never find another opportunity.",catastrophizing
"   I failed one exam, so I will always fail. 	  ",overgeneralization
"if i don't get into this college, my life will be a disaster.",catastrophizing
"My professor frowned, so he must think I'm stupid.",mind_reading
MY LAPTOP HAS 16 GB OF RAM.,none
I prefer tea to coffee.,NONE
<p>He read my message and didn't respond because he's annoyed with me.</p>,mind_reading
"I was late today, so I'm always irresponsible.!!!$$", overgeneralization 
"IF THIS RELATIONSHIP ENDS, I'LL NEVER BE HAPPY AGAIN.",catastrophizing
It rained on our trip because I planned it badly.!!!$,personalization
<p>The temperature dropped significantly overnight.</p>,none
He chose another teammate because he thinks I'm useless., mind_reading 
I SUBMITTED MY APPLICATION BEFORE THE DEADLINE.,NONE
The library closes at eight in the evening.,none
"   I got sick once after eating there, so that restaurant always makes people sick. 	  ", overgeneralization 
she changed her major after her second year., none 
missing this deadline means my career is finished.,catastrophizing
"If this relationship ends, I'll never be happy again.!!!)))",catastrophizing
<p>My laptop has 16 GB of RAM.</p>, none 
"   If this relationship ends, I'll never be happy again. 	  ",catastrophizing
"My friend forgot my birthday, so she never cares about me.!!!**", overgeneralization 
   One mistake will completely ruin my future. 	  ,catastrophizing
"The interviewer looked serious, so they probably hated my answers.!!!===",
"   I made one awkward comment, so I ruin every conversation. 	  ",OVERGENERALIZATION
she smiled at everyone except me because she dislikes me.,mind_reading
"If I embarrass myself today, I'll never be able to face these people again.",CATASTROPHIZING
"If this relationship ends, I'll never be happy again.", catastrophizing 
My friend saw my message but didn't answer because she wants to ignore me.,mind-reading
,personalization
She smiled at everyone except me because she dislikes me.,mind_reading
Nobody wants to work with me.,overgeneralization
The party was awkward because I made everyone uncomfortable.!!!%, personalization 
One failed interview means my career is doomed.,catastrophizing
it rained on our trip because i planned it badly.,personalization
"One person rejected my idea, so people hate my ideas.!!!**",overgeneralization
"<div>One customer complained, so all our customers must be unhappy.</div>", overgeneralization 
He walked past without saying hello because he is mad at me.,mind_reading
"<div>If I perform badly once, I'll never be respected again.</div>",catastrophizing
"<div>She sounded tired, so she must be bored of talking to me.</div>",mind_reading
"My friend is unhappy today, so it must be because of something I did.",
Everyone became quiet because I said something wrong.,personalization
<div>Our team lost because I didn't play well enough.</div>,personalization
My friend stopped talking because I must have done something wrong.,personalization
"One person rejected my idea, so people hate my ideas.!!!*",
   My friend cancelled because I must have offended him. 	  ,mind-reading
The temperature dropped significantly overnight.,NONE
<div>Our team lost because I didn't play well enough.</div>,personalization
"If I embarrass myself today, I'll never be able to face these people again.!!!}",catastrophizing
it rained on our trip because i planned it badly.,PERSONALIZATION
He is in a bad mood because of me., personalization 
One rejection could mean I have no future in this field.!!!@,catastrophizing
"IF I GET REJECTED, I'LL NEVER FIND ANOTHER OPPORTUNITY.", catastrophizing 
   It rained on our trip because I planned it badly. 	  ,personalization
the project requires python and a database., none 
"<p>My professor frowned, so he must think I'm stupid.</p>", mind_reading 
"If this presentation goes badly, everyone will remember it forever.",catastrophizing
ONE REJECTION COULD MEAN I HAVE NO FUTURE IN THIS FIELD.,catastrophizing
"if i get rejected, i'll never find another opportunity.",catastrophizing
,MIND_READING
The meeting went badly because I ruined it for everyone.,PERSONALIZATION
,none
,mind_reading
   Portugal has never won the FIFA World Cup. 	  ,none
"The interviewer looked serious, so they probably hated my answers.!!!??",MIND_READING
"If I embarrass myself today, I'll never be able to face these people again.",catastrophizing
"<p>If this relationship ends, I'll never be happy again.</p>",catastrophizing
"IF THIS RELATIONSHIP ENDS, I'LL NEVER BE HAPPY AGAIN.",catastrophizing
"If this relationship ends, I'll never be happy again.", catastrophizing 
SHE SMILED AT EVERYONE EXCEPT ME BECAUSE SHE DISLIKES ME.,mind-reading
The company hired five new engineers this month.,none
,none
"Every time I try something new, I fail.!!!%%",over_generalization
The team won three matches this season.!!!;,NONE
"<p>They laughed after I spoke, so they were definitely laughing at me.</p>",
She changed her major after her second year.,none
a small mistake here could completely ruin everything., catastrophizing 
They didn't invite me because they don't want me around.!!!',mind-reading
"one customer complained, so all our customers must be unhappy.",overgeneralization
My colleague made a mistake because I didn't explain things well enough.!!!```, personalization 
"MY FRIEND FORGOT MY BIRTHDAY, SO SHE NEVER CARES ABOUT ME.",overgeneralization
I submitted my application before the deadline.,NONE
,MIND_READING
The company rejected our proposal because I wasn't persuasive enough.,personalization
EVERYONE BECAME QUIET BECAUSE I SAID SOMETHING WRONG., personalization 
Nobody wants to work with me.!!!<<,over_generalization
"If I embarrass myself today, I'll never be able to face these people again.",catastrophizing
"IF MY PROJECT FAILS, EVERYTHING I'VE WORKED FOR WILL BE POINTLESS.",
Everyone deserves equal treatment under the law.,NONE
My colleague made a mistake because I didn't explain things well enough.,personalization
"I was late today, so I'm always irresponsible.!!!\\",OVERGENERALIZATION
THE TEAM MISSED THE DEADLINE BECAUSE I WASN'T GOOD ENOUGH.,PERSONALIZATION
"If my project fails, everything I've worked for will be pointless.",catastrophizing
my parents argued because i caused too much stress.,PERSONALIZATION
the company hired five new engineers this month., none 
"I was late today, so I'm always irresponsible.",overgeneralization
My roommate closed the door because he doesn't want to talk to me.!!!=,mind-reading
   My friend cancelled because I must have offended him. 	  , mind_reading 
"I made one awkward comment, so I ruin every conversation.",overgeneralization
one failed interview means my career is doomed.,
My colleague made a mistake because I didn't explain things well enough.,personalization
it rained on our trip because i planned it badly.,personalization
One rejection could mean I have no future in this field.,catastrophizing
   My friend cancelled our plans because I wasn't good company. 	  ,PERSONALIZATION
The event failed because I organized it poorly.!!!},personalization
everyone in my class is smarter than me., overgeneralization 
The library closes at eight in the evening.,none
Nobody ever listens to what I say.,overgeneralization
"ONE PERSON REJECTED MY IDEA, SO PEOPLE HATE MY IDEAS.",over_generalization
,personalization
The team lost the match 2-1., none 
"<p>I got sick once after eating there, so that restaurant always makes people sick.</p>",overgeneralization
The party was awkward because I made everyone uncomfortable.,personalization
"If I miss this opportunity, my future is ruined.!!!:::",catastrophizing
"He walked past without saying hello because he is mad at me.!!!""""",mind-reading
"If this relationship ends, I'll never be happy again.",catastrophizing
I studied for three hours before the exam.,NONE
I MADE ONE MISTAKE IN THE PRESENTATION.,none
the train arrived ten minutes late today.,none
THE BUS WAS DELAYED BECAUSE OF TRAFFIC.,none
The team won three matches this season.,
"   My team lost today, so we can never win. 	  ",
"I didn't get this internship, so I'll never get an internship.",overgeneralization
<div>The interview lasted about forty minutes.</div>,none
She smiled at everyone except me because she dislikes me.,MIND_READING
he read my message and didn't respond because he's annoyed with me.,mind_reading
She smiled at everyone except me because she dislikes me.!!!@@@,mind-reading
THE TEAM LOST THE MATCH 2-1., none 
MY LAPTOP HAS 16 GB OF RAM.,none
ONE BAD SEMESTER MEANS MY WHOLE DEGREE IS A FAILURE.,overgeneralization
"   I didn't get this internship, so I'll never get an internship. 	  ", overgeneralization 
A bad grade will destroy all my chances of succeeding.!!!$$$, catastrophizing 
the train arrived ten minutes late today., none 
"My friend is unhappy today, so it must be because of something I did.",personalization
THE AUDIENCE WAS QUIET BECAUSE THEY DIDN'T LIKE MY PRESENTATION.,mind_reading
,personalization
Portugal has never won the FIFA World Cup.,none
<div>A bad grade will destroy all my chances of succeeding.</div>,catastrophizing
They haven't complimented my work because they think it's terrible., mind_reading 
THE COMPANY HIRED FIVE NEW ENGINEERS THIS MONTH.,none
   My friend cancelled because I must have offended him. 	  ,mind_reading
Every interview I've had has gone terribly.!!!```,overgeneralization
"I struggled with calculus, so I'm terrible at every subject.",over_generalization
Every interview I've had has gone terribly.,overgeneralization
"I made one awkward comment, so I ruin every conversation.", overgeneralization 
My roommate closed the door because he doesn't want to talk to me.!!!{{{,mind_reading
The company hired five new engineers this month.,none
"EVERY TIME I TRY SOMETHING NEW, I FAIL.", overgeneralization 
"ONE CUSTOMER COMPLAINED, SO ALL OUR CUSTOMERS MUST BE UNHAPPY.",overgeneralization
the team missed the deadline because i wasn't good enough.,PERSONALIZATION
The temperature dropped significantly overnight.!!!@@@,none
The party was awkward because I made everyone uncomfortable.,PERSONALIZATION
"If I miss this opportunity, my future is ruined.!!!;", catastrophizing 
HE DIDN'T REPLY BECAUSE HE MUST BE ANGRY WITH ME.,mind_reading
He chose another teammate because he thinks I'm useless.!!!}}},mind_reading
"   I struggled with calculus, so I'm terrible at every subject. 	  ",overgeneralization
,MIND_READING
<p>A small mistake here could completely ruin everything.</p>,catastrophizing
HE IS IN A BAD MOOD BECAUSE OF ME.,personalization
She changed her major after her second year.,NONE
"If my presentation fails, nobody will ever trust me again.!!!(",CATASTROPHIZING
"If I get rejected, I'll never find another opportunity.",catastrophizing
<p>The train arrived ten minutes late today.</p>,
"she looked away, so she probably thinks i'm boring.",mind-reading
the customer was unhappy because i handled the situation badly.,personalization
,overgeneralization
"   My friend is unhappy today, so it must be because of something I did. 	  ",personalization
"If I lose this competition, all my hard work was worthless.!!!::",catastrophizing
one mistake will completely ruin my future., catastrophizing 
"   My first attempt didn't work, so the idea is useless. 	  ",overgeneralization
One failed interview means my career is doomed.,catastrophizing
<div>I made one mistake in the presentation.</div>, none 
"One person rejected my idea, so people hate my ideas.!!!%",OVERGENERALIZATION
"<div>I struggled with calculus, so I'm terrible at every subject.</div>",OVERGENERALIZATION
the company rejected our proposal because i wasn't persuasive enough.,personalization
,catastrophizing
"The team won three matches this season.!!!,,",none
   Every interview I've had has gone terribly. 	  ,overgeneralization
"<p>If my presentation fails, nobody will ever trust me again.</p>",CATASTROPHIZING
<p>One rejection could mean I have no future in this field.</p>,catastrophizing
   Our professor assigned two chapters for Monday. 	  ,NONE
"she was quiet during dinner, so she must be upset with me.",mind-reading
   The event failed because I organized it poorly. 	  ,personalization
"If I lose this competition, all my hard work was worthless.!!!:",CATASTROPHIZING
"I failed one exam, so I will always fail.",OVERGENERALIZATION
"My professor frowned, so he must think I'm stupid.", mind_reading 
   The team won three matches this season. 	  ,
He is in a bad mood because of me.,personalization
Missing this deadline means my career is finished.!!!<<<, catastrophizing 
"Every time I try something new, I fail.",overgeneralization
   The party was awkward because I made everyone uncomfortable. 	  ,PERSONALIZATION
"   One customer complained, so all our customers must be unhappy. 	  ", overgeneralization 
"   If I miss this opportunity, my future is ruined. 	  ",catastrophizing
"<p>My professor frowned, so he must think I'm stupid.</p>",mind_reading
THE BUS WAS DELAYED BECAUSE OF TRAFFIC.,none
,personalization
HE DIDN'T REPLY BECAUSE HE MUST BE ANGRY WITH ME.,MIND_READING
He chose another teammate because he thinks I'm useless.,mind_reading
PORTUGAL HAS NEVER WON THE FIFA WORLD CUP.,NONE
"She looked away, so she probably thinks I'm boring.",MIND_READING
I STUDIED FOR THREE HOURS BEFORE THE EXAM.,none
One mistake will completely ruin my future.,catastrophizing
They didn't invite me because they don't want me around.,mind_reading
the library closes at eight in the evening.,none
<p>A single bad decision could destroy everything.</p>, catastrophizing 
"i made a mistake at work, so i'm bad at my job.", overgeneralization 
HE WALKED PAST WITHOUT SAYING HELLO BECAUSE HE IS MAD AT ME.,mind_reading
<p>My teammate is frustrated because I am slowing everyone down.</p>,personalization
My friend cancelled our plans because I wasn't good company.!!!__,personalization
THE TEMPERATURE DROPPED SIGNIFICANTLY OVERNIGHT.,none
my friend stopped talking because i must have done something wrong.,personalization
"They laughed after I spoke, so they were definitely laughing at me.",mind_reading
he walked past without saying hello because he is mad at me.,mind-reading
"If I lose this job, I'll never recover.!!!//",catastrophizing
<div>The bus was delayed because of traffic.</div>,none
"<p>They laughed after I spoke, so they were definitely laughing at me.</p>",MIND_READING
"My friend forgot my birthday, so she never cares about me.",overgeneralization
MY MANAGER DIDN'T PRAISE ME BECAUSE SHE THINKS I'M INCOMPETENT.,mind_reading
,mind-reading
my manager didn't praise me because she thinks i'm incompetent.,mind_reading
"if i don't get into this college, my life will be a disaster.", catastrophizing 
"If I embarrass myself today, I'll never be able to face these people again.",catastrophizing
"   One project failed, so none of my projects will ever work. 	  ",overgeneralization
ONE BAD SEMESTER MEANS MY WHOLE DEGREE IS A FAILURE.,overgeneralization
"If this relationship ends, I'll never be happy again.",CATASTROPHIZING
My parents argued because I caused too much stress.,PERSONALIZATION
   A small mistake here could completely ruin everything. 	  ,catastrophizing
The party was awkward because I made everyone uncomfortable.!!!::,personalization
She changed her major after her second year.,none
He read my message and didn't respond because he's annoyed with me., mind_reading 
MY FRIEND STOPPED TALKING BECAUSE I MUST HAVE DONE SOMETHING WRONG.,personalization
"The interviewer looked serious, so they probably hated my answers.",mind_reading
ONE FAILED INTERVIEW MEANS MY CAREER IS DOOMED.,catastrophizing
The team missed the deadline because I wasn't good enough.,personalization
I studied for three hours before the exam.,NONE
"Every time I try something new, I fail.", overgeneralization 
"they laughed after i spoke, so they were definitely laughing at me.",MIND_READING
"If I embarrass myself today, I'll never be able to face these people again.!!!~",CATASTROPHIZING
"if this relationship ends, i'll never be happy again.",catastrophizing
One bad semester means my whole degree is a failure.!!!!, overgeneralization 
<div>I submitted my application before the deadline.</div>, none 
"I struggled with calculus, so I'm terrible at every subject.!!!@@",OVERGENERALIZATION
   My friend saw my message but didn't answer because she wants to ignore me. 	  , mind_reading 
<div>He is in a bad mood because of me.</div>,personalization
She changed her major after her second year.,none
"   If my presentation fails, nobody will ever trust me again. 	  ", catastrophizing 
"One person rejected my idea, so people hate my ideas.",OVERGENERALIZATION
"I MADE A MISTAKE AT WORK, SO I'M BAD AT MY JOB.", overgeneralization 
THE TEAM LOST THE MATCH 2-1.,NONE
Our team lost because I didn't play well enough.,personalization
"if this presentation goes badly, everyone will remember it forever.",catastrophizing
,catastrophizing
a single bad decision could destroy everything.,catastrophizing
"<p>My friend forgot my birthday, so she never cares about me.</p>",OVERGENERALIZATION
"if this presentation goes badly, everyone will remember it forever.",catastrophizing
"my first attempt didn't work, so the idea is useless.", overgeneralization 
THE RECRUITER HASN'T REPLIED BECAUSE THEY THINK I'M UNQUALIFIED.,mind_reading
"   If I miss this opportunity, my future is ruined. 	  ",catastrophizing
My roommate closed the door because he doesn't want to talk to me.,mind-reading
   Everyone deserves equal treatment under the law. 	  ,none
my parents argued because i caused too much stress.,personalization
The project failed because I wasn't capable enough.,personalization
   Missing this deadline means my career is finished. 	  ,catastrophizing
"If my presentation fails, nobody will ever trust me again.",catastrophizing
"My professor frowned, so he must think I'm stupid.",MIND_READING
"   If I get rejected, I'll never find another opportunity. 	  ",catastrophizing
"Everyone became quiet because I said something wrong.!!!""""",PERSONALIZATION
"IF I FAIL THIS EXAM, MY ENTIRE LIFE IS OVER.",CATASTROPHIZING
"<p>My friend forgot my birthday, so she never cares about me.</p>",overgeneralization
"IF I FAIL THIS EXAM, MY ENTIRE LIFE IS OVER.",CATASTROPHIZING
,none
"I WAS LATE TODAY, SO I'M ALWAYS IRRESPONSIBLE.",overgeneralization
The library closes at eight in the evening.!!!], none 
I submitted my application before the deadline.,NONE
"if this relationship ends, i'll never be happy again.",catastrophizing
<div>Every interview I've had has gone terribly.</div>,overgeneralization
The team lost the match 2-1.!!!(((,none
He is in a bad mood because of me., personalization 
,catastrophizing
The restaurant was crowded on Saturday.!!!!!!,none
A small mistake here could completely ruin everything.,catastrophizing
"If I make a mistake in front of the team, I'll lose everyone's respect forever.!!!{", catastrophizing 
"If I embarrass myself today, I'll never be able to face these people again.",catastrophizing
,NONE
My teammate is frustrated because I am slowing everyone down.,personalization
"My professor frowned, so he must think I'm stupid.", mind_reading 
"I didn't get this internship, so I'll never get an internship.",over_generalization
Our professor assigned two chapters for Monday.,none
"One person rejected my idea, so people hate my ideas.",overgeneralization
"<div>My friend is unhappy today, so it must be because of something I did.</div>",personalization
MY PARENTS ARGUED BECAUSE I CAUSED TOO MUCH STRESS.,personalization
   My friend didn't reply to my message yesterday. 	  , none 
The customer was unhappy because I handled the situation badly.,personalization
He walked past without saying hello because he is mad at me.,MIND_READING
The event failed because I organized it poorly.!!!|||,personalization
SHE IS HAVING A BAD DAY BECAUSE I UPSET HER., personalization 
"If I miss this opportunity, my future is ruined.", catastrophizing 
, catastrophizing 
One failed interview means my career is doomed.,catastrophizing
"MY FIRST ATTEMPT DIDN'T WORK, SO THE IDEA IS USELESS.",OVERGENERALIZATION
The temperature dropped significantly overnight.,none
<div>Our team lost because I didn't play well enough.</div>,personalization
The group didn't finish on time because I wasn't useful enough.,personalization
"If I make a mistake in front of the team, I'll lose everyone's respect forever.!!!(((",catastrophizing
THE TRAIN ARRIVED TEN MINUTES LATE TODAY.,none
"One project failed, so none of my projects will ever work.!!!$",
He read my message and didn't respond because he's annoyed with me.!!!|||,mind_reading
HE WALKED PAST WITHOUT SAYING HELLO BECAUSE HE IS MAD AT ME.,mind_reading
THE BUS WAS DELAYED BECAUSE OF TRAFFIC.,none
Nobody ever listens to what I say.!!!;;;,overgeneralization
"If I miss this opportunity, my future is ruined.!!!---",catastrophizing
"If I miss this opportunity, my future is ruined.!!!&&&",catastrophizing
"my friend is unhappy today, so it must be because of something i did.",personalization
"i struggled with calculus, so i'm terrible at every subject.",over_generalization
ONE BAD SEMESTER MEANS MY WHOLE DEGREE IS A FAILURE., overgeneralization 
"<div>She sounded tired, so she must be bored of talking to me.</div>",mind_reading
THE COMPANY REJECTED OUR PROPOSAL BECAUSE I WASN'T PERSUASIVE ENOUGH.,personalization
MY LAPTOP HAS 16 GB OF RAM.,none
THE TRAIN ARRIVED TEN MINUTES LATE TODAY.,none
"They laughed after I spoke, so they were definitely laughing at me.!!!,,",mind_reading
, mind_reading 
   One rejection could mean I have no future in this field. 	  , catastrophizing 
"<p>If my presentation fails, nobody will ever trust me again.</p>",catastrophizing
"I was late today, so I'm always irresponsible.!!!&",overgeneralization
Nobody wants to work with me.,overgeneralization
A small mistake here could completely ruin everything.!!!---,catastrophizing
   A small mistake here could completely ruin everything. 	  ,catastrophizing
My friend saw my message but didn't answer because she wants to ignore me.,mind_reading
my friend cancelled because i must have offended him.,mind-reading
The interview lasted about forty minutes.!!!]],none
<div>I prefer tea to coffee.</div>,none
"   One person rejected my idea, so people hate my ideas. 	  ",overgeneralization
"   My friend forgot my birthday, so she never cares about me. 	  ",overgeneralization
"She looked away, so she probably thinks I'm boring.",MIND_READING
,OVERGENERALIZATION
"I WAS LATE TODAY, SO I'M ALWAYS IRRESPONSIBLE.",over_generalization
THE PRESENTATION WAS BORING BECAUSE I COULDN'T MAKE IT INTERESTING.,PERSONALIZATION
"<div>If I miss this opportunity, my future is ruined.</div>",catastrophizing
EVERY INTERVIEW I'VE HAD HAS GONE TERRIBLY.,overgeneralization
Portugal has never won the FIFA World Cup.,none
A bad grade will destroy all my chances of succeeding.!!!--,catastrophizing
<div>My manager didn't praise me because she thinks I'm incompetent.</div>,mind_reading
I studied for three hours before the exam.,none
"If my project fails, everything I've worked for will be pointless.!!!;;;",catastrophizing
   I prefer tea to coffee. 	  ,none
"IF THIS RELATIONSHIP ENDS, I'LL NEVER BE HAPPY AGAIN.",catastrophizing
   Everyone deserves equal treatment under the law. 	  ,none
"Every time I try something new, I fail.", overgeneralization 
,mind-reading
"<p>I didn't get this internship, so I'll never get an internship.</p>",overgeneralization
"<div>I didn't get this internship, so I'll never get an internship.</div>", overgeneralization 
Everyone deserves equal treatment under the law.,NONE
"I struggled with calculus, so I'm terrible at every subject.!!!++",overgeneralization
My friend didn't reply to my message yesterday.!!!}}},none
<p>He hasn't texted me because he doesn't like me anymore.</p>, mind_reading 
"If my project fails, everything I've worked for will be pointless.",catastrophizing
"MY FRIEND FORGOT MY BIRTHDAY, SO SHE NEVER CARES ABOUT ME.", overgeneralization 
,overgeneralization
<div>She smiled at everyone except me because she dislikes me.</div>,mind_reading
A bad grade will destroy all my chances of succeeding.!!!(((,catastrophizing
i made one mistake in the presentation.,NONE
THE BUS WAS DELAYED BECAUSE OF TRAFFIC.,none
"One customer complained, so all our customers must be unhappy.!!!,",overgeneralization
"i was late today, so i'm always irresponsible.",over_generalization
The project requires Python and a database., none 
"I MADE A MISTAKE AT WORK, SO I'M BAD AT MY JOB.", overgeneralization 
One failed interview means my career is doomed., catastrophizing 
"<p>I got sick once after eating there, so that restaurant always makes people sick.</p>",over_generalization
<div>Missing this deadline means my career is finished.</div>,CATASTROPHIZING
"MY FIRST ATTEMPT DIDN'T WORK, SO THE IDEA IS USELESS.",
   My friend cancelled our plans because I wasn't good company. 	  ,personalization
One bad semester means my whole degree is a failure.,overgeneralization
my manager didn't praise me because she thinks i'm incompetent.,mind_reading
SHE IS HAVING A BAD DAY BECAUSE I UPSET HER.,personalization
"i made a mistake at work, so i'm bad at my job.",over_generalization
I submitted my application before the deadline.!!!===,none
"My friend forgot my birthday, so she never cares about me.", overgeneralization 
"My team lost today, so we can never win.",over_generalization
,
EVERY INTERVIEW I'VE HAD HAS GONE TERRIBLY.,over_generalization
"she sounded tired, so she must be bored of talking to me.",mind_reading
"They haven't complimented my work because they think it's terrible.!!!,,,",mind-reading
the project failed because i wasn't capable enough.,personalization
,personalization
My parents argued because I caused too much stress.,personalization
"I struggled with calculus, so I'm terrible at every subject.!!!===",overgeneralization
"   I struggled with calculus, so I'm terrible at every subject. 	  ",overgeneralization
"   One project failed, so none of my projects will ever work. 	  ",overgeneralization
"<div>If I lose this job, I'll never recover.</div>", catastrophizing 
THE PROJECT REQUIRES PYTHON AND A DATABASE., none 
HE DIDN'T REPLY BECAUSE HE MUST BE ANGRY WITH ME.,MIND_READING
our team lost because i didn't play well enough.,personalization
   The library closes at eight in the evening. 	  ,none
"I STRUGGLED WITH CALCULUS, SO I'M TERRIBLE AT EVERY SUBJECT.",overgeneralization
My laptop has 16 GB of RAM.,none
   One mistake will completely ruin my future. 	  , catastrophizing 
My laptop has 16 GB of RAM., none 
"one customer complained, so all our customers must be unhappy.",overgeneralization
One bad semester means my whole degree is a failure.,overgeneralization
   The company hired five new engineers this month. 	  ,none
"MY FIRST ATTEMPT DIDN'T WORK, SO THE IDEA IS USELESS.",overgeneralization
One rejection could mean I have no future in this field.,catastrophizing
The team lost the match 2-1.!!![[,NONE
   The recruiter hasn't replied because they think I'm unqualified. 	  ,MIND_READING
"IF I PERFORM BADLY ONCE, I'LL NEVER BE RESPECTED AGAIN.", catastrophizing 
I prefer tea to coffee.,none
"IF I EMBARRASS MYSELF TODAY, I'LL NEVER BE ABLE TO FACE THESE PEOPLE AGAIN.",CATASTROPHIZING
The project requires Python and a database.,
the bus was delayed because of traffic.,none
One rejection could mean I have no future in this field.!!!^^^,catastrophizing
   The company hired five new engineers this month. 	  ,none
"   I got sick once after eating there, so that restaurant always makes people sick. 	  ",overgeneralization
The restaurant was crowded on Saturday.,none
THE COMPANY HIRED FIVE NEW ENGINEERS THIS MONTH.,none
"IF I GET REJECTED, I'LL NEVER FIND ANOTHER OPPORTUNITY.",CATASTROPHIZING
The company hired five new engineers this month.,none
The audience was quiet because they didn't like my presentation.,mind_reading
Portugal has never won the FIFA World Cup.,none
THE PROJECT FAILED BECAUSE I WASN'T CAPABLE ENOUGH., personalization 
I SUBMITTED MY APPLICATION BEFORE THE DEADLINE.,none
SHE SMILED AT EVERYONE EXCEPT ME BECAUSE SHE DISLIKES ME.,mind-reading
she smiled at everyone except me because she dislikes me.,mind_reading
My friend stopped talking because I must have done something wrong.,personalization
, mind_reading 
Everyone deserves equal treatment under the law.,none
<p>Our team lost because I didn't play well enough.</p>,personalization
"THEY LAUGHED AFTER I SPOKE, SO THEY WERE DEFINITELY LAUGHING AT ME.",mind_reading
<p>Our professor assigned two chapters for Monday.</p>,none
The company rejected our proposal because I wasn't persuasive enough.!!!]]],personalization
"My friend is unhappy today, so it must be because of something I did.!!!***",personalization
<p>He hasn't texted me because he doesn't like me anymore.</p>,MIND_READING
THE CUSTOMER WAS UNHAPPY BECAUSE I HANDLED THE SITUATION BADLY.,PERSONALIZATION
the team lost the match 2-1.,none
"<div>The interviewer looked serious, so they probably hated my answers.</div>",mind_reading
<div>My friend stopped talking because I must have done something wrong.</div>,personalization
The project requires Python and a database.,NONE
THE TEMPERATURE DROPPED SIGNIFICANTLY OVERNIGHT.,none
ONE MISTAKE WILL COMPLETELY RUIN MY FUTURE., catastrophizing 
   The meeting went badly because I ruined it for everyone. 	  ,personalization
"my first attempt didn't work, so the idea is useless.",over_generalization
   The library closes at eight in the evening. 	  , none 
"   I struggled with calculus, so I'm terrible at every subject. 	  ",overgeneralization
she changed her major after her second year., none 
A single bad decision could destroy everything.,CATASTROPHIZING
   My colleague made a mistake because I didn't explain things well enough. 	  ,personalization
the project requires python and a database.,NONE
The temperature dropped significantly overnight.,none
The train arrived ten minutes late today.!!!<<,none
"if i perform badly once, i'll never be respected again.",
"   She looked away, so she probably thinks I'm boring. 	  ",mind_reading
"Every time I try something new, I fail.",over_generalization
"I didn't get this internship, so I'll never get an internship.",over_generalization
   My manager didn't praise me because she thinks I'm incompetent. 	  ,mind_reading
"My friend is unhappy today, so it must be because of something I did.!!!++", personalization 
<div>He walked past without saying hello because he is mad at me.</div>, mind_reading 
He walked past without saying hello because he is mad at me.,mind-reading
   The recruiter hasn't replied because they think I'm unqualified. 	  ,MIND_READING
Nobody ever listens to what I say., overgeneralization 
"My professor frowned, so he must think I'm stupid.",MIND_READING
<div>They haven't complimented my work because they think it's terrible.</div>, mind_reading 
the team lost the match 2-1.,none
My friend didn't reply to my message yesterday., none 
<div>The interview lasted about forty minutes.</div>,none
nobody wants to work with me.,OVERGENERALIZATION
MY FRIEND DIDN'T REPLY TO MY MESSAGE YESTERDAY.,none
   Our professor assigned two chapters for Monday. 	  ,none
"If my project fails, everything I've worked for will be pointless.", catastrophizing 
"<p>If my presentation fails, nobody will ever trust me again.</p>",catastrophizing
"my professor frowned, so he must think i'm stupid.",mind_reading
my friend saw my message but didn't answer because she wants to ignore me.,mind_reading
people from that college are all arrogant.,
"If I get rejected, I'll never find another opportunity.",catastrophizing
A SMALL MISTAKE HERE COULD COMPLETELY RUIN EVERYTHING., catastrophizing 
"If this relationship ends, I'll never be happy again.",catastrophizing
one bad semester means my whole degree is a failure.,overgeneralization
"I was late today, so I'm always irresponsible.",overgeneralization
Portugal has never won the FIFA World Cup.,NONE
A SINGLE BAD DECISION COULD DESTROY EVERYTHING.,
Every interview I've had has gone terribly.!!!', overgeneralization 
"One project failed, so none of my projects will ever work.!!!}",over_generalization
The train arrived ten minutes late today.,none
<div>A small mistake here could completely ruin everything.</div>,CATASTROPHIZING
"One project failed, so none of my projects will ever work.",
   My friend saw my message but didn't answer because she wants to ignore me. 	  ,mind_reading
my friend saw my message but didn't answer because she wants to ignore me.,mind_reading
"My professor frowned, so he must think I'm stupid.!!!||",mind_reading
"One project failed, so none of my projects will ever work.!!!}}",overgeneralization
"Every time I try something new, I fail.!!!""",overgeneralization
He chose another teammate because he thinks I'm useless.,mind-reading
"SHE WAS QUIET DURING DINNER, SO SHE MUST BE UPSET WITH ME.",mind-reading
OUR PROFESSOR ASSIGNED TWO CHAPTERS FOR MONDAY.,none
They didn't invite me because they don't want me around.,mind_reading
   Every interview I've had has gone terribly. 	  ,OVERGENERALIZATION
"My team lost today, so we can never win.",overgeneralization
MY FRIEND CANCELLED BECAUSE I MUST HAVE OFFENDED HIM.,mind-reading
   My friend cancelled because I must have offended him. 	  ,MIND_READING
HE WALKED PAST WITHOUT SAYING HELLO BECAUSE HE IS MAD AT ME.,mind_reading
"I FAILED ONE EXAM, SO I WILL ALWAYS FAIL.",overgeneralization
I made one mistake in the presentation.!!!{{,none
he is in a bad mood because of me.,personalization
   The bus was delayed because of traffic. 	  ,none
"EVERY TIME I TRY SOMETHING NEW, I FAIL.",OVERGENERALIZATION
everyone deserves equal treatment under the law.,NONE
my colleague made a mistake because i didn't explain things well enough.,PERSONALIZATION
"i got sick once after eating there, so that restaurant always makes people sick.",overgeneralization
   My friend saw my message but didn't answer because she wants to ignore me. 	  , mind_reading 
My friend stopped talking because I must have done something wrong.,personalization
I SUBMITTED MY APPLICATION BEFORE THE DEADLINE.,NONE
<div>The team won three matches this season.</div>,none
My friend stopped talking because I must have done something wrong.!!!``,personalization
<p>They haven't complimented my work because they think it's terrible.</p>,mind_reading
"One person rejected my idea, so people hate my ideas.",overgeneralization
People from that college are all arrogant.,overgeneralization
"SHE SOUNDED TIRED, SO SHE MUST BE BORED OF TALKING TO ME.", mind_reading 
"I made a mistake at work, so I'm bad at my job.!!!:", overgeneralization 
"One customer complained, so all our customers must be unhappy.!!!'",overgeneralization
My laptop has 16 GB of RAM.!!!''',NONE
Every interview I've had has gone terribly.,overgeneralization
A single bad decision could destroy everything.,CATASTROPHIZING
He is in a bad mood because of me., personalization 
THE PROJECT FAILED BECAUSE I WASN'T CAPABLE ENOUGH.,personalization
"I made a mistake at work, so I'm bad at my job.",overgeneralization
"If my project fails, everything I've worked for will be pointless.",catastrophizing
"I didn't get this internship, so I'll never get an internship.",OVERGENERALIZATION
My friend cancelled because I must have offended him., mind_reading 
EVERYONE BECAME QUIET BECAUSE I SAID SOMETHING WRONG.,PERSONALIZATION
my manager didn't praise me because she thinks i'm incompetent., mind_reading 
,personalization
Everyone in my class is smarter than me.,overgeneralization
Missing this deadline means my career is finished.,catastrophizing
"<p>If I perform badly once, I'll never be respected again.</p>",catastrophizing
   He didn't reply because he must be angry with me. 	  ,mind_reading
"If I lose this competition, all my hard work was worthless.!!!)))",CATASTROPHIZING
"If I perform badly once, I'll never be respected again.!!!^^",catastrophizing
"IF I MAKE A MISTAKE IN FRONT OF THE TEAM, I'LL LOSE EVERYONE'S RESPECT FOREVER.", catastrophizing 
"My team lost today, so we can never win.", overgeneralization 
<div>My laptop has 16 GB of RAM.</div>,none
Missing this deadline means my career is finished.,CATASTROPHIZING
My friend stopped talking because I must have done something wrong.!!!@@,personalization
,NONE
My friend saw my message but didn't answer because she wants to ignore me.,mind_reading
My friend didn't reply to my message yesterday.!!!===,none
My friend cancelled our plans because I wasn't good company.,personalization
"MY FRIEND IS UNHAPPY TODAY, SO IT MUST BE BECAUSE OF SOMETHING I DID.",personalization
The train arrived ten minutes late today.!!!)),none
"IF I PERFORM BADLY ONCE, I'LL NEVER BE RESPECTED AGAIN.",
The party was awkward because I made everyone uncomfortable.,PERSONALIZATION
"<p>She was quiet during dinner, so she must be upset with me.</p>",mind_reading
"If I lose this competition, all my hard work was worthless.!!!__", catastrophizing 
"Every time I try something new, I fail.!!!$",overgeneralization
,personalization
they didn't invite me because they don't want me around.,MIND_READING
"One person rejected my idea, so people hate my ideas.",overgeneralization
<div>She smiled at everyone except me because she dislikes me.</div>,mind_reading
<p>The audience was quiet because they didn't like my presentation.</p>,mind_reading
   Our professor assigned two chapters for Monday. 	  ,none
<div>The restaurant was crowded on Saturday.</div>,none
"If I fail this exam, my entire life is over.!!!<<<",CATASTROPHIZING
THE PARTY WAS AWKWARD BECAUSE I MADE EVERYONE UNCOMFORTABLE., personalization 
The train arrived ten minutes late today.!!!!,none
he read my message and didn't respond because he's annoyed with me.,mind-reading
One bad semester means my whole degree is a failure.,overgeneralization
"If I fail this exam, my entire life is over.!!!{{{",catastrophizing
Our professor assigned two chapters for Monday., none 
THE TRAIN ARRIVED TEN MINUTES LATE TODAY.,none
"   I made one awkward comment, so I ruin every conversation. 	  ",overgeneralization
MY MANAGER DIDN'T PRAISE ME BECAUSE SHE THINKS I'M INCOMPETENT.,MIND_READING
<div>He is in a bad mood because of me.</div>,personalization
ONE REJECTION COULD MEAN I HAVE NO FUTURE IN THIS FIELD., catastrophizing 
"I made one awkward comment, so I ruin every conversation.",over_generalization
,MIND_READING
"<p>If I lose this job, I'll never recover.</p>",catastrophizing
It rained on our trip because I planned it badly.!!!;,personalization
The party was awkward because I made everyone uncomfortable.,personalization
nobody ever listens to what i say.,over_generalization
"A single bad decision could destroy everything.!!!,,",catastrophizing
Everyone became quiet because I said something wrong.,PERSONALIZATION
"If my project fails, everything I've worked for will be pointless.",catastrophizing
"If I miss this opportunity, my future is ruined.",CATASTROPHIZING
the customer was unhappy because i handled the situation badly.,PERSONALIZATION
"I GOT SICK ONCE AFTER EATING THERE, SO THAT RESTAURANT ALWAYS MAKES PEOPLE SICK.", overgeneralization 
"one person rejected my idea, so people hate my ideas.",OVERGENERALIZATION
"I WAS LATE TODAY, SO I'M ALWAYS IRRESPONSIBLE.", overgeneralization 
   She is having a bad day because I upset her. 	  , personalization 
   Everyone deserves equal treatment under the law. 	  ,none
A single bad decision could destroy everything.,CATASTROPHIZING
"The project failed because I wasn't capable enough.!!!""", personalization 
"THEY LAUGHED AFTER I SPOKE, SO THEY WERE DEFINITELY LAUGHING AT ME.",mind-reading
<p>A single bad decision could destroy everything.</p>,catastrophizing
"If I miss this opportunity, my future is ruined.",catastrophizing
The restaurant was crowded on Saturday.,none
"ONE PERSON REJECTED MY IDEA, SO PEOPLE HATE MY IDEAS.",overgeneralization
<div>Everyone deserves equal treatment under the law.</div>,none
   My colleague made a mistake because I didn't explain things well enough. 	  ,
Everyone in my class is smarter than me.,overgeneralization
He hasn't texted me because he doesn't like me anymore.,mind-reading
Everyone deserves equal treatment under the law.!!!```,none
"if i perform badly once, i'll never be respected again.",catastrophizing
   One bad semester means my whole degree is a failure. 	  ,OVERGENERALIZATION
Portugal has never won the FIFA World Cup.!!!', none 
"she sounded tired, so she must be bored of talking to me.", mind_reading 
"One project failed, so none of my projects will ever work.",over_generalization
One bad semester means my whole degree is a failure.,
The audience was quiet because they didn't like my presentation.,MIND_READING
MY FRIEND CANCELLED OUR PLANS BECAUSE I WASN'T GOOD COMPANY., personalization 
I submitted my application before the deadline.,none
the presentation was boring because i couldn't make it interesting.,personalization
<div>The library closes at eight in the evening.</div>,none
EVERYONE DESERVES EQUAL TREATMENT UNDER THE LAW.,none
Missing this deadline means my career is finished.,
The customer was unhappy because I handled the situation badly.!!!***,personalization
the project failed because i wasn't capable enough.,personalization
Our professor assigned two chapters for Monday.!!!___,none
,catastrophizing
The event failed because I organized it poorly.,personalization
<p>He chose another teammate because he thinks I'm useless.</p>,mind-reading
"SHE SOUNDED TIRED, SO SHE MUST BE BORED OF TALKING TO ME.",mind_reading
"<p>I got sick once after eating there, so that restaurant always makes people sick.</p>",overgeneralization
<p>Our team lost because I didn't play well enough.</p>,personalization
"   If my presentation fails, nobody will ever trust me again. 	  ",catastrophizing
,mind-reading
The event failed because I organized it poorly., personalization 
"If I lose this competition, all my hard work was worthless.!!!:::",catastrophizing
,none
I submitted my application before the deadline.,none
"i failed one exam, so i will always fail.",over_generalization
everyone deserves equal treatment under the law.,none
"If I embarrass myself today, I'll never be able to face these people again.",CATASTROPHIZING
"<p>If I lose this competition, all my hard work was worthless.</p>",catastrophizing
THE PROJECT FAILED BECAUSE I WASN'T CAPABLE ENOUGH.,personalization
they haven't complimented my work because they think it's terrible.,MIND_READING
   The library closes at eight in the evening. 	  , none 
The group didn't finish on time because I wasn't useful enough.,PERSONALIZATION
<div>The restaurant was crowded on Saturday.</div>,none
They haven't complimented my work because they think it's terrible., mind_reading 
They didn't invite me because they don't want me around.,mind_reading
,CATASTROPHIZING
   The interview lasted about forty minutes. 	  ,none
   She smiled at everyone except me because she dislikes me. 	  ,mind-reading
   He chose another teammate because he thinks I'm useless. 	  ,MIND_READING
   She smiled at everyone except me because she dislikes me. 	  ,mind_reading
, mind_reading 
EVERYONE DESERVES EQUAL TREATMENT UNDER THE LAW.,
"   I didn't get this internship, so I'll never get an internship. 	  ",overgeneralization
THE RESTAURANT WAS CROWDED ON SATURDAY.,none
,PERSONALIZATION
EVERY INTERVIEW I'VE HAD HAS GONE TERRIBLY.,OVERGENERALIZATION
<div>The party was awkward because I made everyone uncomfortable.</div>, personalization 
"   They laughed after I spoke, so they were definitely laughing at me. 	  ",mind_reading
my colleague made a mistake because i didn't explain things well enough.,personalization
"if this relationship ends, i'll never be happy again.",catastrophizing
"If I make a mistake in front of the team, I'll lose everyone's respect forever.!!!`",CATASTROPHIZING
My roommate closed the door because he doesn't want to talk to me.,mind_reading
THEY HAVEN'T COMPLIMENTED MY WORK BECAUSE THEY THINK IT'S TERRIBLE.,MIND_READING
"My first attempt didn't work, so the idea is useless.",OVERGENERALIZATION
"My friend forgot my birthday, so she never cares about me.",overgeneralization
"<p>She looked away, so she probably thinks I'm boring.</p>",mind_reading
my parents argued because i caused too much stress.,personalization
One mistake will completely ruin my future.,CATASTROPHIZING
My colleague made a mistake because I didn't explain things well enough., personalization 
<div>Our team lost because I didn't play well enough.</div>,personalization
MY ROOMMATE CLOSED THE DOOR BECAUSE HE DOESN'T WANT TO TALK TO ME.,mind-reading
"One person rejected my idea, so people hate my ideas.!!!---",OVERGENERALIZATION
THEY DIDN'T INVITE ME BECAUSE THEY DON'T WANT ME AROUND.,MIND_READING
"<p>My first attempt didn't work, so the idea is useless.</p>",overgeneralization
"   One customer complained, so all our customers must be unhappy. 	  ",OVERGENERALIZATION
   My manager didn't praise me because she thinks I'm incompetent. 	  ,mind_reading
"If I get rejected, I'll never find another opportunity.",catastrophizing
my teammate is frustrated because i am slowing everyone down.,personalization
"My friend forgot my birthday, so she never cares about me.",OVERGENERALIZATION
"I struggled with calculus, so I'm terrible at every subject.",overgeneralization
   Every interview I've had has gone terribly. 	  ,OVERGENERALIZATION
My friend saw my message but didn't answer because she wants to ignore me., mind_reading 
"I made a mistake at work, so I'm bad at my job.!!!--",
"If I embarrass myself today, I'll never be able to face these people again.!!!""",catastrophizing
"<p>I didn't get this internship, so I'll never get an internship.</p>",overgeneralization
A single bad decision could destroy everything.,catastrophizing
My friend didn't reply to my message yesterday.!!!}},none
   The interview lasted about forty minutes. 	  ,NONE
The presentation was boring because I couldn't make it interesting., personalization 
"I got sick once after eating there, so that restaurant always makes people sick.",OVERGENERALIZATION
He hasn't texted me because he doesn't like me anymore.,mind_reading
<div>The interview lasted about forty minutes.</div>,
<div>My manager didn't praise me because she thinks I'm incompetent.</div>,mind_reading
The team won three matches this season.,none
"If I miss this opportunity, my future is ruined.",catastrophizing
"If I miss this opportunity, my future is ruined.",catastrophizing
My manager didn't praise me because she thinks I'm incompetent.!!!~,mind_reading
<p>They haven't complimented my work because they think it's terrible.</p>,MIND_READING
   She is having a bad day because I upset her. 	  ,
"My first attempt didn't work, so the idea is useless.",over_generalization
<p>It rained on our trip because I planned it badly.</p>,PERSONALIZATION
Portugal has never won the FIFA World Cup., none 
The company hired five new engineers this month.,none
,PERSONALIZATION
   Nobody wants to work with me. 	  ,overgeneralization
The interview lasted about forty minutes.,
<div>The restaurant was crowded on Saturday.</div>, none 
"One person rejected my idea, so people hate my ideas.",over_generalization
Our team lost because I didn't play well enough.,personalization
"THE INTERVIEWER LOOKED SERIOUS, SO THEY PROBABLY HATED MY ANSWERS.",
everyone in my class is smarter than me.,overgeneralization
"I struggled with calculus, so I'm terrible at every subject.",overgeneralization
"My friend is unhappy today, so it must be because of something I did.", personalization 
<p>One rejection could mean I have no future in this field.</p>,CATASTROPHIZING
<div>Our team lost because I didn't play well enough.</div>,personalization
"   My first attempt didn't work, so the idea is useless. 	  ", overgeneralization 
"She looked away, so she probably thinks I'm boring.", mind_reading 
My roommate closed the door because he doesn't want to talk to me.,mind_reading
He chose another teammate because he thinks I'm useless.,mind_reading
<p>Portugal has never won the FIFA World Cup.</p>,none
My friend saw my message but didn't answer because she wants to ignore me.,mind_reading
<div>The project failed because I wasn't capable enough.</div>,personalization
   The team lost the match 2-1. 	  ,none
   My manager didn't praise me because she thinks I'm incompetent. 	  ,mind_reading
"A single bad decision could destroy everything.!!!,,,",CATASTROPHIZING
My friend cancelled because I must have offended him.!!!%%,mind-reading
"IF I MAKE A MISTAKE IN FRONT OF THE TEAM, I'LL LOSE EVERYONE'S RESPECT FOREVER.",CATASTROPHIZING
THE TEMPERATURE DROPPED SIGNIFICANTLY OVERNIGHT., none 
"i didn't get this internship, so i'll never get an internship.",over_generalization
"   One person rejected my idea, so people hate my ideas. 	  ",OVERGENERALIZATION
"I made one awkward comment, so I ruin every conversation.",over_generalization
"   If my project fails, everything I've worked for will be pointless. 	  ",catastrophizing
"SHE LOOKED AWAY, SO SHE PROBABLY THINKS I'M BORING.",MIND_READING
"   One project failed, so none of my projects will ever work. 	  ", overgeneralization 
The customer was unhappy because I handled the situation badly.,PERSONALIZATION
A small mistake here could completely ruin everything.!!!`, catastrophizing 
everyone deserves equal treatment under the law.,none
"My professor frowned, so he must think I'm stupid.!!!_",mind_reading
<p>Everyone in my class is smarter than me.</p>, overgeneralization 
<p>They didn't invite me because they don't want me around.</p>,
"IF I DON'T GET INTO THIS COLLEGE, MY LIFE WILL BE A DISASTER.", catastrophizing 
I prefer tea to coffee.!!!^, none 
He chose another teammate because he thinks I'm useless.,mind-reading
"I FAILED ONE EXAM, SO I WILL ALWAYS FAIL.",over_generalization
He didn't reply because he must be angry with me.,MIND_READING
,none
   My friend stopped talking because I must have done something wrong. 	  ,personalization
It rained on our trip because I planned it badly.,personalization
She is having a bad day because I upset her.,personalization
"if i miss this opportunity, my future is ruined.",CATASTROPHIZING
   My parents argued because I caused too much stress. 	  ,personalization
EVERYONE BECAME QUIET BECAUSE I SAID SOMETHING WRONG.,
THEY HAVEN'T COMPLIMENTED MY WORK BECAUSE THEY THINK IT'S TERRIBLE.,
"   I made a mistake at work, so I'm bad at my job. 	  ",OVERGENERALIZATION
"MY FRIEND IS UNHAPPY TODAY, SO IT MUST BE BECAUSE OF SOMETHING I DID.",personalization
<div>My friend didn't reply to my message yesterday.</div>,none
my friend didn't reply to my message yesterday.,NONE
The group didn't finish on time because I wasn't useful enough.,personalization
she is having a bad day because i upset her.,PERSONALIZATION
My friend stopped talking because I must have done something wrong.!!!===,personalization
<p>A small mistake here could completely ruin everything.</p>,CATASTROPHIZING
   The team won three matches this season. 	  , none 
<p>The team lost the match 2-1.</p>, none 
THE PRESENTATION WAS BORING BECAUSE I COULDN'T MAKE IT INTERESTING., personalization 
"   If I miss this opportunity, my future is ruined. 	  ",catastrophizing
A single bad decision could destroy everything.,catastrophizing
Missing this deadline means my career is finished.,CATASTROPHIZING
<p>Everyone in my class is smarter than me.</p>,
He walked past without saying hello because he is mad at me.!!!{{{,mind_reading
My parents argued because I caused too much stress.,personalization
THEY DIDN'T INVITE ME BECAUSE THEY DON'T WANT ME AROUND.,mind_reading
the meeting went badly because i ruined it for everyone.,personalization
"I prefer tea to coffee.!!!""""",none
My roommate closed the door because he doesn't want to talk to me., mind_reading 
the library closes at eight in the evening., none 
   The recruiter hasn't replied because they think I'm unqualified. 	  ,MIND_READING
The project failed because I wasn't capable enough.,personalization
HE READ MY MESSAGE AND DIDN'T RESPOND BECAUSE HE'S ANNOYED WITH ME.,mind-reading
"If I get rejected, I'll never find another opportunity.",catastrophizing
<div>The interview lasted about forty minutes.</div>,none
one mistake will completely ruin my future., catastrophizing 
   My teammate is frustrated because I am slowing everyone down. 	  ,personalization
he chose another teammate because he thinks i'm useless.,mind_reading
The company hired five new engineers this month.,none
THE TEAM WON THREE MATCHES THIS SEASON., none 
<div>My parents argued because I caused too much stress.</div>,personalization
   I made one mistake in the presentation. 	  ,NONE
   One bad semester means my whole degree is a failure. 	  ,overgeneralization
,mind_reading
<div>Our professor assigned two chapters for Monday.</div>,none
"<p>She looked away, so she probably thinks I'm boring.</p>", mind_reading 
The audience was quiet because they didn't like my presentation.!!!___,MIND_READING
<div>Everyone became quiet because I said something wrong.</div>,personalization
"My colleague made a mistake because I didn't explain things well enough.!!!""""",personalization
Our team lost because I didn't play well enough.!!!...,personalization
<div>They haven't complimented my work because they think it's terrible.</div>,mind_reading
"I made one awkward comment, so I ruin every conversation.",over_generalization
<div>The team lost the match 2-1.</div>,none
My friend cancelled because I must have offended him.!!!]],mind_reading
<p>The event failed because I organized it poorly.</p>,PERSONALIZATION
HE WALKED PAST WITHOUT SAYING HELLO BECAUSE HE IS MAD AT ME.,mind_reading
He walked past without saying hello because he is mad at me.!!!-,mind-reading
i studied for three hours before the exam.,none
   The interview lasted about forty minutes. 	  ,none
"I didn't get this internship, so I'll never get an internship.",overgeneralization
"   One project failed, so none of my projects will ever work. 	  ",overgeneralization
   The team lost the match 2-1. 	  , none 
The party was awkward because I made everyone uncomfortable.,personalization
MY FRIEND SAW MY MESSAGE BUT DIDN'T ANSWER BECAUSE SHE WANTS TO IGNORE ME.,mind_reading
"One project failed, so none of my projects will ever work.",overgeneralization
IT RAINED ON OUR TRIP BECAUSE I PLANNED IT BADLY.,personalization
the temperature dropped significantly overnight.,NONE
the meeting went badly because i ruined it for everyone.,personalization
   The party was awkward because I made everyone uncomfortable. 	  ,personalization
"I made a mistake at work, so I'm bad at my job.",OVERGENERALIZATION
   The party was awkward because I made everyone uncomfortable. 	  ,personalization
<div>The event failed because I organized it poorly.</div>,personalization
"<div>My friend is unhappy today, so it must be because of something I did.</div>",personalization
Everyone deserves equal treatment under the law.!!!==,none
It rained on our trip because I planned it badly.!!!.,personalization
<p>He didn't reply because he must be angry with me.</p>,mind_reading
Everyone in my class is smarter than me.,overgeneralization
My friend stopped talking because I must have done something wrong.!!!}}},personalization
<p>Everyone deserves equal treatment under the law.</p>,none
He is in a bad mood because of me.,personalization
"If I embarrass myself today, I'll never be able to face these people again.",CATASTROPHIZING
   He read my message and didn't respond because he's annoyed with me. 	  ,mind_reading
i studied for three hours before the exam.,none
"   My friend is unhappy today, so it must be because of something I did. 	  ",PERSONALIZATION
My colleague made a mistake because I didn't explain things well enough.!!!<<, personalization 
<p>My friend cancelled our plans because I wasn't good company.</p>,personalization
A BAD GRADE WILL DESTROY ALL MY CHANCES OF SUCCEEDING.,catastrophizing
My friend cancelled because I must have offended him.!!!&,MIND_READING
a single bad decision could destroy everything.,catastrophizing
A bad grade will destroy all my chances of succeeding., catastrophizing 
,over_generalization
"One customer complained, so all our customers must be unhappy.",over_generalization
   He is in a bad mood because of me. 	  ,PERSONALIZATION
OUR PROFESSOR ASSIGNED TWO CHAPTERS FOR MONDAY.,none
"<p>If I lose this competition, all my hard work was worthless.</p>",catastrophizing
A single bad decision could destroy everything.!!!~~,catastrophizing
She is having a bad day because I upset her.!!!!!,personalization
i studied for three hours before the exam.,none
,none
"They laughed after I spoke, so they were definitely laughing at me.",MIND_READING
THE PROJECT FAILED BECAUSE I WASN'T CAPABLE ENOUGH.,PERSONALIZATION
He read my message and didn't respond because he's annoyed with me.!!!..., mind_reading 
The presentation was boring because I couldn't make it interesting.!!!(,personalization
   The interview lasted about forty minutes. 	  ,none
a small mistake here could completely ruin everything.,catastrophizing
the interview lasted about forty minutes., none 
<p>My friend cancelled because I must have offended him.</p>,MIND_READING
,CATASTROPHIZING
"EVERY TIME I TRY SOMETHING NEW, I FAIL.",OVERGENERALIZATION
My friend stopped talking because I must have done something wrong.!!!??,PERSONALIZATION
"   If my project fails, everything I've worked for will be pointless. 	  ",CATASTROPHIZING
The meeting went badly because I ruined it for everyone.,personalization
"if i don't get into this college, my life will be a disaster.",CATASTROPHIZING
A small mistake here could completely ruin everything.!!!@@@,CATASTROPHIZING
"   My first attempt didn't work, so the idea is useless. 	  ",overgeneralization
"<p>My team lost today, so we can never win.</p>",over_generalization
<p>She smiled at everyone except me because she dislikes me.</p>,
"   If this relationship ends, I'll never be happy again. 	  ",catastrophizing
My parents argued because I caused too much stress.!!!$, personalization 
"<div>My first attempt didn't work, so the idea is useless.</div>",OVERGENERALIZATION
The project requires Python and a database.,none
My manager didn't praise me because she thinks I'm incompetent.,mind_reading
the train arrived ten minutes late today.,NONE
"<div>One person rejected my idea, so people hate my ideas.</div>",overgeneralization
<div>They haven't complimented my work because they think it's terrible.</div>,MIND_READING
,personalization
My roommate closed the door because he doesn't want to talk to me.,mind_reading
A bad grade will destroy all my chances of succeeding.,catastrophizing
Everyone deserves equal treatment under the law.!!!]]],NONE
She smiled at everyone except me because she dislikes me.,mind_reading
The customer was unhappy because I handled the situation badly.,personalization
ONE REJECTION COULD MEAN I HAVE NO FUTURE IN THIS FIELD.,CATASTROPHIZING
I made one mistake in the presentation.,NONE
nobody wants to work with me.,overgeneralization
ONE FAILED INTERVIEW MEANS MY CAREER IS DOOMED., catastrophizing 
My manager didn't praise me because she thinks I'm incompetent.,mind_reading
,
,none
,OVERGENERALIZATION
   The company rejected our proposal because I wasn't persuasive enough. 	  ,personalization
the temperature dropped significantly overnight.,none
"I failed one exam, so I will always fail.", overgeneralization 
, catastrophizing 
,personalization
   The interview lasted about forty minutes. 	  ,none
"SHE SOUNDED TIRED, SO SHE MUST BE BORED OF TALKING TO ME.",mind_reading
THE TEAM MISSED THE DEADLINE BECAUSE I WASN'T GOOD ENOUGH.,PERSONALIZATION
,overgeneralization
a bad grade will destroy all my chances of succeeding.,
<p>The team won three matches this season.</p>, none 
"I WAS LATE TODAY, SO I'M ALWAYS IRRESPONSIBLE.",over_generalization
My friend cancelled because I must have offended him.,mind_reading
"She was quiet during dinner, so she must be upset with me.!!!...",mind_reading
THE BUS WAS DELAYED BECAUSE OF TRAFFIC., none 
"MY FIRST ATTEMPT DIDN'T WORK, SO THE IDEA IS USELESS.",overgeneralization
"<p>My first attempt didn't work, so the idea is useless.</p>",over_generalization
Our team lost because I didn't play well enough.,personalization
   A small mistake here could completely ruin everything. 	  ,catastrophizing
<div>The meeting went badly because I ruined it for everyone.</div>,personalization
,personalization
The event failed because I organized it poorly.!!!===,PERSONALIZATION
,
<div>One failed interview means my career is doomed.</div>,catastrophizing
I SUBMITTED MY APPLICATION BEFORE THE DEADLINE.,NONE
The party was awkward because I made everyone uncomfortable.,PERSONALIZATION
"if i lose this competition, all my hard work was worthless.", catastrophizing 
everyone became quiet because i said something wrong.,personalization
"She was quiet during dinner, so she must be upset with me.",mind_reading
The company hired five new engineers this month.!!!<<<,none
<p>The group didn't finish on time because I wasn't useful enough.</p>,personalization
   He is in a bad mood because of me. 	  , personalization 
,none
"   If I make a mistake in front of the team, I'll lose everyone's respect forever. 	  ", catastrophizing 
   My manager didn't praise me because she thinks I'm incompetent. 	  ,MIND_READING
"I was late today, so I'm always irresponsible.",OVERGENERALIZATION
<p>The project requires Python and a database.</p>,none
   He is in a bad mood because of me. 	  ,PERSONALIZATION
<div>He didn't reply because he must be angry with me.</div>,mind_reading
"   She sounded tired, so she must be bored of talking to me. 	  ",
,overgeneralization
He chose another teammate because he thinks I'm useless.,mind_reading
"One customer complained, so all our customers must be unhappy.!!!@@@",over_generalization
I PREFER TEA TO COFFEE.,none
"SHE LOOKED AWAY, SO SHE PROBABLY THINKS I'M BORING.",
<p>One failed interview means my career is doomed.</p>,catastrophizing
one rejection could mean i have no future in this field.,catastrophizing
   The presentation was boring because I couldn't make it interesting. 	  ,personalization
"She was quiet during dinner, so she must be upset with me.",mind_reading
MY FRIEND SAW MY MESSAGE BUT DIDN'T ANSWER BECAUSE SHE WANTS TO IGNORE ME.,mind-reading
"She was quiet during dinner, so she must be upset with me.", mind_reading 
They didn't invite me because they don't want me around.,mind-reading
"If I make a mistake in front of the team, I'll lose everyone's respect forever.!!!+",catastrophizing
"If my project fails, everything I've worked for will be pointless.",catastrophizing
"She looked away, so she probably thinks I'm boring.!!!^",MIND_READING
My manager didn't praise me because she thinks I'm incompetent.,mind-reading
Nobody wants to work with me.,over_generalization
The project failed because I wasn't capable enough.!!!!!,personalization
"<div>If this relationship ends, I'll never be happy again.</div>",catastrophizing
He hasn't texted me because he doesn't like me anymore.,
My colleague made a mistake because I didn't explain things well enough.!!!'',
MY LAPTOP HAS 16 GB OF RAM., none 
"She looked away, so she probably thinks I'm boring.!!!\\",mind_reading
   Every interview I've had has gone terribly. 	  ,overgeneralization
I made one mistake in the presentation.,
people from that college are all arrogant.,OVERGENERALIZATION
"If I fail this exam, my entire life is over.",
My friend cancelled because I must have offended him.,mind-reading
"i struggled with calculus, so i'm terrible at every subject.", overgeneralization 
He hasn't texted me because he doesn't like me anymore., mind_reading 
THE INTERVIEW LASTED ABOUT FORTY MINUTES.,none
"SHE LOOKED AWAY, SO SHE PROBABLY THINKS I'M BORING.",mind_reading
,NONE
My roommate closed the door because he doesn't want to talk to me.!!!{,MIND_READING
HE DIDN'T REPLY BECAUSE HE MUST BE ANGRY WITH ME.,mind_reading
"She sounded tired, so she must be bored of talking to me.!!!###",mind_reading
"I STRUGGLED WITH CALCULUS, SO I'M TERRIBLE AT EVERY SUBJECT.",over_generalization
"If this presentation goes badly, everyone will remember it forever.",catastrophizing
<p>My laptop has 16 GB of RAM.</p>,
"If my project fails, everything I've worked for will be pointless.",CATASTROPHIZING
"THEY LAUGHED AFTER I SPOKE, SO THEY WERE DEFINITELY LAUGHING AT ME.",
"<div>If my presentation fails, nobody will ever trust me again.</div>",catastrophizing
I submitted my application before the deadline.!!!'',none
I PREFER TEA TO COFFEE.,
,MIND_READING
Portugal has never won the FIFA World Cup.,none
"If I fail this exam, my entire life is over.",CATASTROPHIZING
   Our professor assigned two chapters for Monday. 	  ,none
The customer was unhappy because I handled the situation badly.,PERSONALIZATION
My parents argued because I caused too much stress.,personalization
,mind_reading
   My roommate closed the door because he doesn't want to talk to me. 	  ,mind-reading
"<p>If I fail this exam, my entire life is over.</p>", catastrophizing 
MY FRIEND CANCELLED OUR PLANS BECAUSE I WASN'T GOOD COMPANY.,personalization
"I DIDN'T GET THIS INTERNSHIP, SO I'LL NEVER GET AN INTERNSHIP.",OVERGENERALIZATION
"If this presentation goes badly, everyone will remember it forever.",catastrophizing
The event failed because I organized it poorly.,personalization
My manager didn't praise me because she thinks I'm incompetent.!!!(((,mind_reading
OUR PROFESSOR ASSIGNED TWO CHAPTERS FOR MONDAY.,none
<div>He didn't reply because he must be angry with me.</div>,mind_reading
, none 
"my team lost today, so we can never win.",overgeneralization
the temperature dropped significantly overnight., none 
I prefer tea to coffee., none 
Portugal has never won the FIFA World Cup.,
"They laughed after I spoke, so they were definitely laughing at me.",mind_reading
"If I lose this job, I'll never recover.",CATASTROPHIZING
   My friend stopped talking because I must have done something wrong. 	  ,personalization
"   If my presentation fails, nobody will ever trust me again. 	  ", catastrophizing 
Everyone deserves equal treatment under the law.!!!{{, none 
<div>One failed interview means my career is doomed.</div>,CATASTROPHIZING
MY FRIEND CANCELLED BECAUSE I MUST HAVE OFFENDED HIM.,mind_reading
"IF MY PROJECT FAILS, EVERYTHING I'VE WORKED FOR WILL BE POINTLESS.",catastrophizing
"<div>If I make a mistake in front of the team, I'll lose everyone's respect forever.</div>",catastrophizing
<div>He chose another teammate because he thinks I'm useless.</div>,mind_reading
"One project failed, so none of my projects will ever work.!!!~", overgeneralization 
   My roommate closed the door because he doesn't want to talk to me. 	  ,MIND_READING
,overgeneralization
The company hired five new engineers this month.,NONE
"ONE PROJECT FAILED, SO NONE OF MY PROJECTS WILL EVER WORK.",overgeneralization
   The meeting went badly because I ruined it for everyone. 	  , personalization 
my roommate closed the door because he doesn't want to talk to me.,MIND_READING
One failed interview means my career is doomed., catastrophizing 
<div>Our team lost because I didn't play well enough.</div>,personalization
   A single bad decision could destroy everything. 	  ,catastrophizing
ONE FAILED INTERVIEW MEANS MY CAREER IS DOOMED.,catastrophizing
MY FRIEND CANCELLED OUR PLANS BECAUSE I WASN'T GOOD COMPANY.,PERSONALIZATION
People from that college are all arrogant.,over_generalization
<div>He is in a bad mood because of me.</div>,personalization
,overgeneralization
THE BUS WAS DELAYED BECAUSE OF TRAFFIC., none 
"if i don't get into this college, my life will be a disaster.",CATASTROPHIZING
<p>He is in a bad mood because of me.</p>,personalization
   My friend didn't reply to my message yesterday. 	  ,none
THE TEAM MISSED THE DEADLINE BECAUSE I WASN'T GOOD ENOUGH.,personalization
   The team won three matches this season. 	  ,none
The meeting went badly because I ruined it for everyone.,PERSONALIZATION
"MY FRIEND IS UNHAPPY TODAY, SO IT MUST BE BECAUSE OF SOMETHING I DID.",personalization
"IF I LOSE THIS COMPETITION, ALL MY HARD WORK WAS WORTHLESS.",catastrophizing
"   She sounded tired, so she must be bored of talking to me. 	  ",MIND_READING
"I STRUGGLED WITH CALCULUS, SO I'M TERRIBLE AT EVERY SUBJECT.",OVERGENERALIZATION
   Nobody wants to work with me. 	  , overgeneralization 
The team missed the deadline because I wasn't good enough.!!!@@@,personalization
"if this presentation goes badly, everyone will remember it forever.",catastrophizing
<p>He chose another teammate because he thinks I'm useless.</p>,MIND_READING
,catastrophizing
One bad semester means my whole degree is a failure.,overgeneralization
The meeting went badly because I ruined it for everyone.,personalization
   The restaurant was crowded on Saturday. 	  ,none
   The bus was delayed because of traffic. 	  ,none
MY PARENTS ARGUED BECAUSE I CAUSED TOO MUCH STRESS.,personalization
"Every time I try something new, I fail.",overgeneralization
"   If I embarrass myself today, I'll never be able to face these people again. 	  ",CATASTROPHIZING
"IF I DON'T GET INTO THIS COLLEGE, MY LIFE WILL BE A DISASTER.",CATASTROPHIZING
he didn't reply because he must be angry with me.,mind_reading
"<div>If I get rejected, I'll never find another opportunity.</div>",CATASTROPHIZING
The team missed the deadline because I wasn't good enough., personalization 
The interview lasted about forty minutes.,none
He didn't reply because he must be angry with me.!!!]]],mind_reading
"<p>They laughed after I spoke, so they were definitely laughing at me.</p>",mind_reading
"my first attempt didn't work, so the idea is useless.", overgeneralization 
The presentation was boring because I couldn't make it interesting.,PERSONALIZATION
I prefer tea to coffee.,NONE
One failed interview means my career is doomed.!!!|, catastrophizing 
ONE REJECTION COULD MEAN I HAVE NO FUTURE IN THIS FIELD.,catastrophizing
He hasn't texted me because he doesn't like me anymore.,mind_reading
"<div>If my project fails, everything I've worked for will be pointless.</div>", catastrophizing 
"If I embarrass myself today, I'll never be able to face these people again.!!!))",catastrophizing
<p>Everyone became quiet because I said something wrong.</p>,PERSONALIZATION
THEY DIDN'T INVITE ME BECAUSE THEY DON'T WANT ME AROUND.,
The project failed because I wasn't capable enough.,personalization
"<p>If this presentation goes badly, everyone will remember it forever.</p>",catastrophizing
"if i get rejected, i'll never find another opportunity.",catastrophizing
<div>I studied for three hours before the exam.</div>,none
"She looked away, so she probably thinks I'm boring.",mind_reading
every interview i've had has gone terribly.,overgeneralization
he walked past without saying hello because he is mad at me., mind_reading 
ONE MISTAKE WILL COMPLETELY RUIN MY FUTURE., catastrophizing 
"   If I get rejected, I'll never find another opportunity. 	  ",catastrophizing
the group didn't finish on time because i wasn't useful enough., personalization 
"If this presentation goes badly, everyone will remember it forever.",catastrophizing
"I made a mistake at work, so I'm bad at my job.",overgeneralization
"Portugal has never won the FIFA World Cup.!!!,,",NONE
,none
NOBODY EVER LISTENS TO WHAT I SAY., overgeneralization 
"   If my presentation fails, nobody will ever trust me again. 	  ", catastrophizing 
, none 
   I submitted my application before the deadline. 	  ,none
"My friend is unhappy today, so it must be because of something I did.!!!{{",personalization
<p>The company rejected our proposal because I wasn't persuasive enough.</p>, personalization 
ONE REJECTION COULD MEAN I HAVE NO FUTURE IN THIS FIELD., catastrophizing 
<p>The team lost the match 2-1.</p>,none
"She was quiet during dinner, so she must be upset with me.!!!**",mind_reading
"I didn't get this internship, so I'll never get an internship.!!!<<<",overgeneralization
"IF I MISS THIS OPPORTUNITY, MY FUTURE IS RUINED.",catastrophizing
"if i don't get into this college, my life will be a disaster.",catastrophizing
"The interviewer looked serious, so they probably hated my answers.!!!{{{", mind_reading 
"if i make a mistake in front of the team, i'll lose everyone's respect forever.",catastrophizing
PORTUGAL HAS NEVER WON THE FIFA WORLD CUP.,NONE
"   If this relationship ends, I'll never be happy again. 	  ",catastrophizing
the audience was quiet because they didn't like my presentation.,mind_reading
OUR TEAM LOST BECAUSE I DIDN'T PLAY WELL ENOUGH.,PERSONALIZATION
   My teammate is frustrated because I am slowing everyone down. 	  ,personalization
Nobody ever listens to what I say.,
One rejection could mean I have no future in this field.,catastrophizing
<div>The interview lasted about forty minutes.</div>,none
A small mistake here could completely ruin everything.!!!-,catastrophizing
"They laughed after I spoke, so they were definitely laughing at me.", mind_reading 
"If my presentation fails, nobody will ever trust me again.",catastrophizing
"<div>My friend is unhappy today, so it must be because of something I did.</div>",personalization
The party was awkward because I made everyone uncomfortable.!!!<<<,personalization
<p>She changed her major after her second year.</p>,NONE
"ONE PROJECT FAILED, SO NONE OF MY PROJECTS WILL EVER WORK.",OVERGENERALIZATION
My roommate closed the door because he doesn't want to talk to me.,mind_reading
She smiled at everyone except me because she dislikes me., mind_reading 
<div>Everyone in my class is smarter than me.</div>,overgeneralization
<div>The project failed because I wasn't capable enough.</div>,personalization
People from that college are all arrogant.!!!>,overgeneralization
The customer was unhappy because I handled the situation badly.,PERSONALIZATION
, none 
"<div>I didn't get this internship, so I'll never get an internship.</div>",overgeneralization
A bad grade will destroy all my chances of succeeding.,catastrophizing
He hasn't texted me because he doesn't like me anymore.,mind_reading
the library closes at eight in the evening., none 
EVERY INTERVIEW I'VE HAD HAS GONE TERRIBLY.,over_generalization
"my friend is unhappy today, so it must be because of something i did.",personalization
The audience was quiet because they didn't like my presentation.,mind-reading
The train arrived ten minutes late today.!!!//,none
i made one mistake in the presentation.,none
"If this presentation goes badly, everyone will remember it forever.", catastrophizing 
,
"IF I FAIL THIS EXAM, MY ENTIRE LIFE IS OVER.",catastrophizing
   The train arrived ten minutes late today. 	  ,none
"If this presentation goes badly, everyone will remember it forever.",CATASTROPHIZING
   Our professor assigned two chapters for Monday. 	  ,none
The customer was unhappy because I handled the situation badly.,PERSONALIZATION
The customer was unhappy because I handled the situation badly.!!!<<<,personalization
Everyone became quiet because I said something wrong.,personalization
"IF I LOSE THIS COMPETITION, ALL MY HARD WORK WAS WORTHLESS.",catastrophizing
She smiled at everyone except me because she dislikes me.!!!{{,MIND_READING
"If I make a mistake in front of the team, I'll lose everyone's respect forever.!!!???",catastrophizing
"   My first attempt didn't work, so the idea is useless. 	  ",OVERGENERALIZATION
"He hasn't texted me because he doesn't like me anymore.!!!,",mind_reading
my colleague made a mistake because i didn't explain things well enough.,personalization
He didn't reply because he must be angry with me.,mind-reading
<div>The team won three matches this season.</div>,NONE
"IF I LOSE THIS JOB, I'LL NEVER RECOVER.",catastrophizing
The meeting went badly because I ruined it for everyone.,personalization
<p>Our team lost because I didn't play well enough.</p>,personalization
nobody wants to work with me.,OVERGENERALIZATION
my friend cancelled our plans because i wasn't good company.,PERSONALIZATION
my teammate is frustrated because i am slowing everyone down.,personalization
THE BUS WAS DELAYED BECAUSE OF TRAFFIC.,none
the team lost the match 2-1.,none
"I didn't get this internship, so I'll never get an internship.",overgeneralization
<p>He hasn't texted me because he doesn't like me anymore.</p>,mind_reading
<div>I submitted my application before the deadline.</div>,none
He read my message and didn't respond because he's annoyed with me.,mind-reading
"My first attempt didn't work, so the idea is useless.",overgeneralization
a single bad decision could destroy everything.,
"   My professor frowned, so he must think I'm stupid. 	  ",mind_reading
I studied for three hours before the exam.,none
Our team lost because I didn't play well enough.!!!&,personalization
<div>My friend stopped talking because I must have done something wrong.</div>,
,NONE
HE DIDN'T REPLY BECAUSE HE MUST BE ANGRY WITH ME.,MIND_READING
   I studied for three hours before the exam. 	  ,NONE
<div>My parents argued because I caused too much stress.</div>, personalization 
,overgeneralization
<div>She smiled at everyone except me because she dislikes me.</div>,mind-reading
I submitted my application before the deadline.,none
"I got sick once after eating there, so that restaurant always makes people sick.",overgeneralization
One mistake will completely ruin my future.,catastrophizing
The team missed the deadline because I wasn't good enough.,PERSONALIZATION
Every interview I've had has gone terribly., overgeneralization 
   Everyone deserves equal treatment under the law. 	  , none 
"   If I miss this opportunity, my future is ruined. 	  ",CATASTROPHIZING
My friend cancelled our plans because I wasn't good company.!!!??,personalization
I STUDIED FOR THREE HOURS BEFORE THE EXAM., none 
I prefer tea to coffee., none 
"She sounded tired, so she must be bored of talking to me.!!!((",mind_reading
   The project requires Python and a database. 	  ,NONE
"i was late today, so i'm always irresponsible.",overgeneralization
he hasn't texted me because he doesn't like me anymore.,MIND_READING
   The project failed because I wasn't capable enough. 	  ,personalization
people from that college are all arrogant., overgeneralization 
<p>The customer was unhappy because I handled the situation badly.</p>, personalization 
Missing this deadline means my career is finished.,catastrophizing
Missing this deadline means my career is finished.,catastrophizing
   The party was awkward because I made everyone uncomfortable. 	  ,personalization
"ONE PERSON REJECTED MY IDEA, SO PEOPLE HATE MY IDEAS.",OVERGENERALIZATION
<div>The party was awkward because I made everyone uncomfortable.</div>,personalization
everyone in my class is smarter than me., overgeneralization 
the meeting went badly because i ruined it for everyone.,personalization
"<div>If I lose this competition, all my hard work was worthless.</div>",CATASTROPHIZING
The team missed the deadline because I wasn't good enough.!!!]]],personalization
   The company rejected our proposal because I wasn't persuasive enough. 	  ,personalization
   Nobody wants to work with me. 	  ,over_generalization
"She sounded tired, so she must be bored of talking to me.!!!;;;",mind_reading
,overgeneralization
The meeting went badly because I ruined it for everyone.,personalization
"my professor frowned, so he must think i'm stupid.",mind_reading
"She was quiet during dinner, so she must be upset with me.",mind_reading
"   I was late today, so I'm always irresponsible. 	  ",overgeneralization
PORTUGAL HAS NEVER WON THE FIFA WORLD CUP., none 
"If this presentation goes badly, everyone will remember it forever.",catastrophizing
my parents argued because i caused too much stress.,personalization
He is in a bad mood because of me.!!!;;;,
   The event failed because I organized it poorly. 	  ,personalization
"If I perform badly once, I'll never be respected again.!!![[[",catastrophizing
<p>The team won three matches this season.</p>, none 
"The interviewer looked serious, so they probably hated my answers.",mind_reading
"If this presentation goes badly, everyone will remember it forever.!!!>>>",catastrophizing
"My first attempt didn't work, so the idea is useless.",overgeneralization
My laptop has 16 GB of RAM.,none
I studied for three hours before the exam.,NONE
The train arrived ten minutes late today., none 
"<p>If I make a mistake in front of the team, I'll lose everyone's respect forever.</p>",CATASTROPHIZING
,catastrophizing
The bus was delayed because of traffic.,NONE
   She is having a bad day because I upset her. 	  ,PERSONALIZATION
"<p>They laughed after I spoke, so they were definitely laughing at me.</p>",mind_reading
   Every interview I've had has gone terribly. 	  ,overgeneralization
"If I make a mistake in front of the team, I'll lose everyone's respect forever.!!!^^", catastrophizing 
   One bad semester means my whole degree is a failure. 	  ,overgeneralization
<p>The project failed because I wasn't capable enough.</p>,personalization
SHE IS HAVING A BAD DAY BECAUSE I UPSET HER.,personalization
"<p>If I fail this exam, my entire life is over.</p>",catastrophizing
,none
the restaurant was crowded on saturday.,none
The restaurant was crowded on Saturday.!!!@@@,none
   I studied for three hours before the exam. 	  ,none
ONE FAILED INTERVIEW MEANS MY CAREER IS DOOMED.,catastrophizing
"if i lose this job, i'll never recover.",catastrophizing
My friend didn't reply to my message yesterday.,none
"   She was quiet during dinner, so she must be upset with me. 	  ",mind_reading
My parents argued because I caused too much stress.!!!&,personalization
"My team lost today, so we can never win.!!!//", overgeneralization 
The temperature dropped significantly overnight.,none
ONE MISTAKE WILL COMPLETELY RUIN MY FUTURE.,catastrophizing
NOBODY EVER LISTENS TO WHAT I SAY.,over_generalization
One mistake will completely ruin my future., catastrophizing 
SHE CHANGED HER MAJOR AFTER HER SECOND YEAR.,none
"My friend is unhappy today, so it must be because of something I did.",personalization
Everyone deserves equal treatment under the law.!!!??,none
EVERYONE IN MY CLASS IS SMARTER THAN ME.,overgeneralization
   The customer was unhappy because I handled the situation badly. 	  ,personalization
"One person rejected my idea, so people hate my ideas.", overgeneralization 
One rejection could mean I have no future in this field., catastrophizing 
, mind_reading 
I submitted my application before the deadline.!!!??,none
   Nobody ever listens to what I say. 	  ,over_generalization
"If this relationship ends, I'll never be happy again.!!![[",catastrophizing
I PREFER TEA TO COFFEE., none 
HE HASN'T TEXTED ME BECAUSE HE DOESN'T LIKE ME ANYMORE.,mind_reading
Missing this deadline means my career is finished., catastrophizing 
<p>One bad semester means my whole degree is a failure.</p>,overgeneralization
My colleague made a mistake because I didn't explain things well enough.,personalization
A BAD GRADE WILL DESTROY ALL MY CHANCES OF SUCCEEDING.,CATASTROPHIZING
   My parents argued because I caused too much stress. 	  ,PERSONALIZATION
   My friend didn't reply to my message yesterday. 	  ,
I prefer tea to coffee.,none
The audience was quiet because they didn't like my presentation.,
A bad grade will destroy all my chances of succeeding.!!!!!,catastrophizing
The meeting went badly because I ruined it for everyone.!!!***,personalization
<div>Nobody wants to work with me.</div>,overgeneralization
He is in a bad mood because of me.!!!;;;, personalization 
He didn't reply because he must be angry with me.!!!>>,mind-reading
"   She sounded tired, so she must be bored of talking to me. 	  ", mind_reading 
<p>Our professor assigned two chapters for Monday.</p>,none
the recruiter hasn't replied because they think i'm unqualified.,mind_reading
He hasn't texted me because he doesn't like me anymore.,
"   One project failed, so none of my projects will ever work. 	  ", overgeneralization 
My friend saw my message but didn't answer because she wants to ignore me.!!!..,mind-reading
my colleague made a mistake because i didn't explain things well enough.,personalization
my friend cancelled because i must have offended him.,MIND_READING
"I made a mistake at work, so I'm bad at my job.!!!___",
   A single bad decision could destroy everything. 	  ,CATASTROPHIZING
   The project requires Python and a database. 	  , none 
my friend didn't reply to my message yesterday., none 
"<div>My first attempt didn't work, so the idea is useless.</div>",over_generalization
<div>The recruiter hasn't replied because they think I'm unqualified.</div>,mind_reading
"IF THIS RELATIONSHIP ENDS, I'LL NEVER BE HAPPY AGAIN.",catastrophizing
"If I fail this exam, my entire life is over.",
The temperature dropped significantly overnight.!!!',none
My friend didn't reply to my message yesterday.,
"THE INTERVIEWER LOOKED SERIOUS, SO THEY PROBABLY HATED MY ANSWERS.",mind_reading
"I was late today, so I'm always irresponsible.",overgeneralization
,catastrophizing
"   If I lose this job, I'll never recover. 	  ",CATASTROPHIZING
   The group didn't finish on time because I wasn't useful enough. 	  , personalization 
"The presentation was boring because I couldn't make it interesting.!!!,,",personalization
<div>One mistake will completely ruin my future.</div>,catastrophizing
He didn't reply because he must be angry with me.,mind_reading
<p>Our team lost because I didn't play well enough.</p>,personalization
my friend cancelled our plans because i wasn't good company., personalization 
"I made one awkward comment, so I ruin every conversation.", overgeneralization 
ONE BAD SEMESTER MEANS MY WHOLE DEGREE IS A FAILURE.,OVERGENERALIZATION
IT RAINED ON OUR TRIP BECAUSE I PLANNED IT BADLY.,personalization
One failed interview means my career is doomed.!!!)),catastrophizing
   The restaurant was crowded on Saturday. 	  ,
"If I fail this exam, my entire life is over.",catastrophizing
She is having a bad day because I upset her., personalization 
The restaurant was crowded on Saturday.,none
"ONE CUSTOMER COMPLAINED, SO ALL OUR CUSTOMERS MUST BE UNHAPPY.", overgeneralization 
"I MADE ONE AWKWARD COMMENT, SO I RUIN EVERY CONVERSATION.",overgeneralization
the temperature dropped significantly overnight.,none
He is in a bad mood because of me.,personalization
"SHE SOUNDED TIRED, SO SHE MUST BE BORED OF TALKING TO ME.",mind_reading
my friend saw my message but didn't answer because she wants to ignore me.,mind_reading
"<p>My friend is unhappy today, so it must be because of something I did.</p>",personalization
Everyone deserves equal treatment under the law.!!!::,none
,catastrophizing
"THEY LAUGHED AFTER I SPOKE, SO THEY WERE DEFINITELY LAUGHING AT ME.", mind_reading 
"If my project fails, everything I've worked for will be pointless.",catastrophizing
"I STRUGGLED WITH CALCULUS, SO I'M TERRIBLE AT EVERY SUBJECT.", overgeneralization 
"If I perform badly once, I'll never be respected again.",catastrophizing
missing this deadline means my career is finished., catastrophizing 
The library closes at eight in the evening.,none
<p>I made one mistake in the presentation.</p>,none
"she was quiet during dinner, so she must be upset with me.",
My manager didn't praise me because she thinks I'm incompetent.,mind_reading
   The audience was quiet because they didn't like my presentation. 	  ,mind-reading
"I STRUGGLED WITH CALCULUS, SO I'M TERRIBLE AT EVERY SUBJECT.",over_generalization
A bad grade will destroy all my chances of succeeding.,catastrophizing
<p>I prefer tea to coffee.</p>,none
"<p>If I don't get into this college, my life will be a disaster.</p>",catastrophizing
<p>My roommate closed the door because he doesn't want to talk to me.</p>,MIND_READING
"If I perform badly once, I'll never be respected again.!!!!!!",catastrophizing
The party was awkward because I made everyone uncomfortable.,personalization
"If I fail this exam, my entire life is over.!!!__",catastrophizing
a small mistake here could completely ruin everything.,catastrophizing
"I didn't get this internship, so I'll never get an internship.",overgeneralization
my friend saw my message but didn't answer because she wants to ignore me.,MIND_READING
my laptop has 16 gb of ram.,none
"if this relationship ends, i'll never be happy again.",catastrophizing
"<p>If I get rejected, I'll never find another opportunity.</p>",CATASTROPHIZING
   My laptop has 16 GB of RAM. 	  ,NONE
<div>A single bad decision could destroy everything.</div>,catastrophizing
, none 
"I was late today, so I'm always irresponsible.",over_generalization
<p>The temperature dropped significantly overnight.</p>,
The library closes at eight in the evening.!!!?,none
our team lost because i didn't play well enough.,personalization
THEY HAVEN'T COMPLIMENTED MY WORK BECAUSE THEY THINK IT'S TERRIBLE., mind_reading 
<div>The train arrived ten minutes late today.</div>, none 
"i failed one exam, so i will always fail.",overgeneralization
<p>My friend stopped talking because I must have done something wrong.</p>,PERSONALIZATION
"IF I DON'T GET INTO THIS COLLEGE, MY LIFE WILL BE A DISASTER.",catastrophizing
<div>My laptop has 16 GB of RAM.</div>,none
"They laughed after I spoke, so they were definitely laughing at me.", mind_reading 
My roommate closed the door because he doesn't want to talk to me.,
The team won three matches this season.,none
"My first attempt didn't work, so the idea is useless.!!!(((",OVERGENERALIZATION
THE PRESENTATION WAS BORING BECAUSE I COULDN'T MAKE IT INTERESTING., personalization 
<p>The interview lasted about forty minutes.</p>,none
,personalization
"My first attempt didn't work, so the idea is useless.",OVERGENERALIZATION
   My friend cancelled because I must have offended him. 	  , mind_reading 
<p>It rained on our trip because I planned it badly.</p>,personalization
<p>My friend didn't reply to my message yesterday.</p>,none
a single bad decision could destroy everything.,CATASTROPHIZING
Missing this deadline means my career is finished.,catastrophizing
They haven't complimented my work because they think it's terrible.,mind_reading
,catastrophizing
THE GROUP DIDN'T FINISH ON TIME BECAUSE I WASN'T USEFUL ENOUGH.,personalization
he didn't reply because he must be angry with me.,mind_reading
<p>The project requires Python and a database.</p>,none
He read my message and didn't respond because he's annoyed with me.,mind_reading
THE TRAIN ARRIVED TEN MINUTES LATE TODAY.,NONE
The team won three matches this season.,none
,MIND_READING
My friend didn't reply to my message yesterday.,none
The project requires Python and a database.,none
My friend cancelled because I must have offended him.!!!###,mind-reading
my friend stopped talking because i must have done something wrong.,personalization
My friend stopped talking because I must have done something wrong.,personalization
"one customer complained, so all our customers must be unhappy.",OVERGENERALIZATION
The group didn't finish on time because I wasn't useful enough.,personalization
"I got sick once after eating there, so that restaurant always makes people sick.",
MY PARENTS ARGUED BECAUSE I CAUSED TOO MUCH STRESS.,PERSONALIZATION
"I MADE A MISTAKE AT WORK, SO I'M BAD AT MY JOB.",overgeneralization
<p>My colleague made a mistake because I didn't explain things well enough.</p>,personalization
They haven't complimented my work because they think it's terrible.,mind_reading
"<p>If I perform badly once, I'll never be respected again.</p>",catastrophizing
our professor assigned two chapters for monday.,none
"   If I embarrass myself today, I'll never be able to face these people again. 	  ",CATASTROPHIZING
   My parents argued because I caused too much stress. 	  ,personalization
, mind_reading 
,mind_reading
   My manager didn't praise me because she thinks I'm incompetent. 	  ,mind-reading
   Everyone became quiet because I said something wrong. 	  ,personalization
The meeting went badly because I ruined it for everyone.,PERSONALIZATION
,personalization
HE HASN'T TEXTED ME BECAUSE HE DOESN'T LIKE ME ANYMORE.,mind_reading
Everyone became quiet because I said something wrong.!!!;,PERSONALIZATION
"I made a mistake at work, so I'm bad at my job.",overgeneralization
   I prefer tea to coffee. 	  ,none
"If I embarrass myself today, I'll never be able to face these people again.",CATASTROPHIZING
he chose another teammate because he thinks i'm useless.,mind_reading
i studied for three hours before the exam.,NONE
"If this relationship ends, I'll never be happy again.",catastrophizing
"They laughed after I spoke, so they were definitely laughing at me.",MIND_READING
"I struggled with calculus, so I'm terrible at every subject.!!!==",
THE PRESENTATION WAS BORING BECAUSE I COULDN'T MAKE IT INTERESTING.,personalization
"I made a mistake at work, so I'm bad at my job.",over_generalization
EVERYONE DESERVES EQUAL TREATMENT UNDER THE LAW.,NONE
"   They laughed after I spoke, so they were definitely laughing at me. 	  ",mind_reading
The library closes at eight in the evening.,none
My friend saw my message but didn't answer because she wants to ignore me., mind_reading 
He is in a bad mood because of me.,PERSONALIZATION
The team lost the match 2-1.,NONE
SHE SMILED AT EVERYONE EXCEPT ME BECAUSE SHE DISLIKES ME.,mind-reading
ONE REJECTION COULD MEAN I HAVE NO FUTURE IN THIS FIELD.,catastrophizing
"Every time I try something new, I fail.",overgeneralization
HE IS IN A BAD MOOD BECAUSE OF ME.,personalization
,overgeneralization
"I struggled with calculus, so I'm terrible at every subject.", overgeneralization 
They haven't complimented my work because they think it's terrible.,MIND_READING
   The company hired five new engineers this month. 	  ,none
"My first attempt didn't work, so the idea is useless.!!!||", overgeneralization 
   My manager didn't praise me because she thinks I'm incompetent. 	  ,mind_reading
   He chose another teammate because he thinks I'm useless. 	  ,mind_reading
<p>My friend stopped talking because I must have done something wrong.</p>, personalization 
The temperature dropped significantly overnight.!!!~~,none
,CATASTROPHIZING
nobody ever listens to what i say.,overgeneralization
"If my project fails, everything I've worked for will be pointless.",catastrophizing
"<p>I made one awkward comment, so I ruin every conversation.</p>",overgeneralization
The project failed because I wasn't capable enough.,personalization
,mind_reading
<div>The team won three matches this season.</div>,none
The meeting went badly because I ruined it for everyone., personalization 
PORTUGAL HAS NEVER WON THE FIFA WORLD CUP.,NONE
"They laughed after I spoke, so they were definitely laughing at me.!!!<<<",
"I WAS LATE TODAY, SO I'M ALWAYS IRRESPONSIBLE.",over_generalization
one mistake will completely ruin my future.,catastrophizing
"<p>I struggled with calculus, so I'm terrible at every subject.</p>",OVERGENERALIZATION
i submitted my application before the deadline.,none
Everyone in my class is smarter than me.,overgeneralization
My friend cancelled our plans because I wasn't good company.,personalization
"   They laughed after I spoke, so they were definitely laughing at me. 	  ",MIND_READING
"<div>If my project fails, everything I've worked for will be pointless.</div>",catastrophizing
THEY DIDN'T INVITE ME BECAUSE THEY DON'T WANT ME AROUND.,mind_reading
a bad grade will destroy all my chances of succeeding.,catastrophizing
"   My team lost today, so we can never win. 	  ",over_generalization
"   She looked away, so she probably thinks I'm boring. 	  ", mind_reading 
"   If this presentation goes badly, everyone will remember it forever. 	  ",catastrophizing
"My friend is unhappy today, so it must be because of something I did.",personalization
A single bad decision could destroy everything.!!!>>>,catastrophizing
"One person rejected my idea, so people hate my ideas.",overgeneralization
My friend cancelled our plans because I wasn't good company.,personalization
"IF I LOSE THIS COMPETITION, ALL MY HARD WORK WAS WORTHLESS.",CATASTROPHIZING
One bad semester means my whole degree is a failure.,overgeneralization
the project failed because i wasn't capable enough.,personalization
"<div>I failed one exam, so I will always fail.</div>",OVERGENERALIZATION
the audience was quiet because they didn't like my presentation.,mind_reading
"I made one awkward comment, so I ruin every conversation.!!!@",overgeneralization
"<p>I made one awkward comment, so I ruin every conversation.</p>",overgeneralization
she smiled at everyone except me because she dislikes me.,
Everyone in my class is smarter than me.,overgeneralization
"   If this presentation goes badly, everyone will remember it forever. 	  ",
one mistake will completely ruin my future.,catastrophizing
I studied for three hours before the exam.,none
The team won three matches this season.,
"   If I lose this job, I'll never recover. 	  ", catastrophizing 
the project failed because i wasn't capable enough.,personalization
THE TEMPERATURE DROPPED SIGNIFICANTLY OVERNIGHT.,none
"my friend is unhappy today, so it must be because of something i did.",PERSONALIZATION
"MY FRIEND FORGOT MY BIRTHDAY, SO SHE NEVER CARES ABOUT ME.",overgeneralization
"<div>She looked away, so she probably thinks I'm boring.</div>",MIND_READING
"If I embarrass myself today, I'll never be able to face these people again.",catastrophizing
   The meeting went badly because I ruined it for everyone. 	  ,personalization
   The temperature dropped significantly overnight. 	  , none 
They didn't invite me because they don't want me around.,mind-reading
   They didn't invite me because they don't want me around. 	  ,mind_reading
<div>My roommate closed the door because he doesn't want to talk to me.</div>,mind_reading
"<p>My team lost today, so we can never win.</p>",over_generalization
I prefer tea to coffee.!!!-, none 
"<div>Every time I try something new, I fail.</div>",
It rained on our trip because I planned it badly.,personalization
<p>Nobody wants to work with me.</p>,OVERGENERALIZATION
"A bad grade will destroy all my chances of succeeding.!!!,", catastrophizing 
"If I don't get into this college, my life will be a disaster.!!!++", catastrophizing 
Everyone in my class is smarter than me., overgeneralization 
"i got sick once after eating there, so that restaurant always makes people sick.",overgeneralization
"If I don't get into this college, my life will be a disaster.",
"If I don't get into this college, my life will be a disaster.",catastrophizing
"IF I PERFORM BADLY ONCE, I'LL NEVER BE RESPECTED AGAIN.",CATASTROPHIZING
One rejection could mean I have no future in this field.,catastrophizing
"If I miss this opportunity, my future is ruined.",catastrophizing
Our team lost because I didn't play well enough.,personalization
<div>The restaurant was crowded on Saturday.</div>,
EVERYONE DESERVES EQUAL TREATMENT UNDER THE LAW., none 
,personalization
   A bad grade will destroy all my chances of succeeding. 	  ,catastrophizing
One failed interview means my career is doomed.,CATASTROPHIZING
The customer was unhappy because I handled the situation badly.!!!(((,personalization
He read my message and didn't respond because he's annoyed with me.,mind_reading
THE RESTAURANT WAS CROWDED ON SATURDAY.,none
"One person rejected my idea, so people hate my ideas.!!!~~~",overgeneralization
"I MADE ONE AWKWARD COMMENT, SO I RUIN EVERY CONVERSATION.", overgeneralization 
   Nobody ever listens to what I say. 	  ,overgeneralization
He read my message and didn't respond because he's annoyed with me.,mind-reading
,OVERGENERALIZATION
THE PRESENTATION WAS BORING BECAUSE I COULDN'T MAKE IT INTERESTING.,personalization
"If I lose this job, I'll never recover.",catastrophizing
"Every time I try something new, I fail.",overgeneralization
"If I make a mistake in front of the team, I'll lose everyone's respect forever.", catastrophizing 
she smiled at everyone except me because she dislikes me.,mind_reading
The bus was delayed because of traffic.!!!**,none
Portugal has never won the FIFA World Cup.!!!]],NONE
"He hasn't texted me because he doesn't like me anymore.!!!,",mind_reading
The group didn't finish on time because I wasn't useful enough.,personalization
One mistake will completely ruin my future.,catastrophizing
"i struggled with calculus, so i'm terrible at every subject.",overgeneralization
   Our team lost because I didn't play well enough. 	  ,personalization
portugal has never won the fifa world cup., none 
"   Every time I try something new, I fail. 	  ",overgeneralization
The group didn't finish on time because I wasn't useful enough.,personalization
"<div>One person rejected my idea, so people hate my ideas.</div>",over_generalization
,CATASTROPHIZING
,NONE
<p>The library closes at eight in the evening.</p>,none
"The company hired five new engineers this month.!!!,,,",none
,over_generalization
"If I perform badly once, I'll never be respected again.",
THE COMPANY HIRED FIVE NEW ENGINEERS THIS MONTH.,none
My friend cancelled because I must have offended him.,mind_reading
The restaurant was crowded on Saturday.,none
My parents argued because I caused too much stress., personalization 
"   If I fail this exam, my entire life is over. 	  ", catastrophizing 
"If I perform badly once, I'll never be respected again.",catastrophizing
everyone became quiet because i said something wrong., personalization 
<div>My friend didn't reply to my message yesterday.</div>,none
He hasn't texted me because he doesn't like me anymore.,mind_reading
"IF I MAKE A MISTAKE IN FRONT OF THE TEAM, I'LL LOSE EVERYONE'S RESPECT FOREVER.",catastrophizing
   The company rejected our proposal because I wasn't persuasive enough. 	  ,personalization
my friend saw my message but didn't answer because she wants to ignore me., mind_reading 
She changed her major after her second year.,none
ONE FAILED INTERVIEW MEANS MY CAREER IS DOOMED.,catastrophizing
She is having a bad day because I upset her.!!!?, personalization 
Our professor assigned two chapters for Monday.,none
,
   One failed interview means my career is doomed. 	  ,catastrophizing
"<div>The interviewer looked serious, so they probably hated my answers.</div>",mind_reading
"my friend forgot my birthday, so she never cares about me.",over_generalization
"She sounded tired, so she must be bored of talking to me.!!!||",
"If I perform badly once, I'll never be respected again.!!!;",catastrophizing
<div>The team lost the match 2-1.</div>,
"One person rejected my idea, so people hate my ideas.",overgeneralization
<div>One mistake will completely ruin my future.</div>,catastrophizing
My teammate is frustrated because I am slowing everyone down.,
the event failed because i organized it poorly.,PERSONALIZATION
<div>Nobody ever listens to what I say.</div>,overgeneralization
"If this presentation goes badly, everyone will remember it forever.", catastrophizing 
HE READ MY MESSAGE AND DIDN'T RESPOND BECAUSE HE'S ANNOYED WITH ME.,mind-reading
   She is having a bad day because I upset her. 	  , personalization 
They haven't complimented my work because they think it's terrible.!!!#,mind_reading
"One person rejected my idea, so people hate my ideas.!!!!!",
EVERY INTERVIEW I'VE HAD HAS GONE TERRIBLY., overgeneralization 
"My professor frowned, so he must think I'm stupid.!!!@@@",mind_reading
"IF I DON'T GET INTO THIS COLLEGE, MY LIFE WILL BE A DISASTER.",catastrophizing
<p>He hasn't texted me because he doesn't like me anymore.</p>,MIND_READING
"<div>She looked away, so she probably thinks I'm boring.</div>",mind-reading
MY FRIEND DIDN'T REPLY TO MY MESSAGE YESTERDAY.,none
One bad semester means my whole degree is a failure.,overgeneralization
It rained on our trip because I planned it badly.,personalization
I PREFER TEA TO COFFEE.,none
<p>The meeting went badly because I ruined it for everyone.</p>,personalization
"SHE LOOKED AWAY, SO SHE PROBABLY THINKS I'M BORING.",mind_reading
Every interview I've had has gone terribly.,overgeneralization
The bus was delayed because of traffic.,none
,MIND_READING
"if this relationship ends, i'll never be happy again.",catastrophizing
<p>My friend cancelled because I must have offended him.</p>,mind_reading
the customer was unhappy because i handled the situation badly.,PERSONALIZATION
"If this presentation goes badly, everyone will remember it forever.",catastrophizing
I made one mistake in the presentation.,none
"<p>I didn't get this internship, so I'll never get an internship.</p>",OVERGENERALIZATION
They didn't invite me because they don't want me around.,mind_reading
"He didn't reply because he must be angry with me.!!!,",mind_reading
"   My team lost today, so we can never win. 	  ",overgeneralization
"If I fail this exam, my entire life is over.",catastrophizing
people from that college are all arrogant., overgeneralization 
"   If I perform badly once, I'll never be respected again. 	  ",catastrophizing
"I was late today, so I'm always irresponsible.!!!>>",overgeneralization
"   If I embarrass myself today, I'll never be able to face these people again. 	  ",catastrophizing
He is in a bad mood because of me.,personalization
Portugal has never won the FIFA World Cup.!!!..., none 
"If I lose this job, I'll never recover.",catastrophizing
The train arrived ten minutes late today., none 
   My laptop has 16 GB of RAM. 	  ,none
Nobody ever listens to what I say.!!!==,overgeneralization
<div>Our professor assigned two chapters for Monday.</div>,none
The customer was unhappy because I handled the situation badly.,personalization
<div>He is in a bad mood because of me.</div>,PERSONALIZATION
"If I lose this job, I'll never recover.",catastrophizing
Everyone in my class is smarter than me.!!!=, overgeneralization 
,none
"one customer complained, so all our customers must be unhappy.",overgeneralization
"I didn't get this internship, so I'll never get an internship.",overgeneralization
Missing this deadline means my career is finished.!!!-, catastrophizing 
The company hired five new engineers this month.,NONE
The event failed because I organized it poorly., personalization 
"   If I perform badly once, I'll never be respected again. 	  ",CATASTROPHIZING
"If I embarrass myself today, I'll never be able to face these people again.",CATASTROPHIZING
"The interviewer looked serious, so they probably hated my answers.!!![",
My friend didn't reply to my message yesterday.,none
   I prefer tea to coffee. 	  ,NONE
He didn't reply because he must be angry with me.,mind_reading
The team missed the deadline because I wasn't good enough.,
,mind-reading
THE PRESENTATION WAS BORING BECAUSE I COULDN'T MAKE IT INTERESTING.,personalization
   The company hired five new engineers this month. 	  ,
<p>My parents argued because I caused too much stress.</p>,
   The interview lasted about forty minutes. 	  ,none
HE CHOSE ANOTHER TEAMMATE BECAUSE HE THINKS I'M USELESS.,mind_reading
he walked past without saying hello because he is mad at me., mind_reading 
   He chose another teammate because he thinks I'm useless. 	  ,mind_reading
The party was awkward because I made everyone uncomfortable.,personalization
one rejection could mean i have no future in this field.,catastrophizing
OUR TEAM LOST BECAUSE I DIDN'T PLAY WELL ENOUGH.,personalization
i made one mistake in the presentation.,none
They haven't complimented my work because they think it's terrible.!!!]],mind_reading
HE HASN'T TEXTED ME BECAUSE HE DOESN'T LIKE ME ANYMORE., mind_reading 
"I failed one exam, so I will always fail.!!!}}}",OVERGENERALIZATION
"MY TEAM LOST TODAY, SO WE CAN NEVER WIN.",overgeneralization
"IF I FAIL THIS EXAM, MY ENTIRE LIFE IS OVER.", catastrophizing 
"   I got sick once after eating there, so that restaurant always makes people sick. 	  ", overgeneralization 
"I failed one exam, so I will always fail.",overgeneralization
   The team missed the deadline because I wasn't good enough. 	  ,personalization
"she looked away, so she probably thinks i'm boring.",mind_reading
The bus was delayed because of traffic.!!!&&,none
"   If this relationship ends, I'll never be happy again. 	  ",catastrophizing
"I submitted my application before the deadline.!!!""""""",NONE
"One person rejected my idea, so people hate my ideas.",overgeneralization
"<p>She looked away, so she probably thinks I'm boring.</p>", mind_reading 
The meeting went badly because I ruined it for everyone.,personalization
<p>The company rejected our proposal because I wasn't persuasive enough.</p>, personalization 
"<div>If my project fails, everything I've worked for will be pointless.</div>",CATASTROPHIZING
Everyone deserves equal treatment under the law.,none
"She was quiet during dinner, so she must be upset with me.!!!__",mind-reading
"If I fail this exam, my entire life is over.!!!|", catastrophizing 
<div>My friend saw my message but didn't answer because she wants to ignore me.</div>,mind_reading
The party was awkward because I made everyone uncomfortable.,personalization
HE CHOSE ANOTHER TEAMMATE BECAUSE HE THINKS I'M USELESS.,MIND_READING
THE RESTAURANT WAS CROWDED ON SATURDAY.,none
The recruiter hasn't replied because they think I'm unqualified., mind_reading 
MY MANAGER DIDN'T PRAISE ME BECAUSE SHE THINKS I'M INCOMPETENT.,mind-reading
THE COMPANY HIRED FIVE NEW ENGINEERS THIS MONTH., none 
The team missed the deadline because I wasn't good enough.,personalization
My friend cancelled because I must have offended him.!!!=,MIND_READING
"If I don't get into this college, my life will be a disaster.!!!|||", catastrophizing 
"The interviewer looked serious, so they probably hated my answers.!!!.", mind_reading 
<div>The meeting went badly because I ruined it for everyone.</div>,personalization
my friend cancelled because i must have offended him.,MIND_READING
THE GROUP DIDN'T FINISH ON TIME BECAUSE I WASN'T USEFUL ENOUGH.,personalization
"<div>My team lost today, so we can never win.</div>",overgeneralization
The interview lasted about forty minutes.!!!___,none
<p>He is in a bad mood because of me.</p>,personalization
   The project failed because I wasn't capable enough. 	  , personalization 
"THEY LAUGHED AFTER I SPOKE, SO THEY WERE DEFINITELY LAUGHING AT ME.",MIND_READING
"My professor frowned, so he must think I'm stupid.!!!)))",mind_reading
my friend stopped talking because i must have done something wrong.,personalization
"Missing this deadline means my career is finished.!!!""""", catastrophizing 
   Everyone became quiet because I said something wrong. 	  ,personalization
   Our team lost because I didn't play well enough. 	  ,personalization
,mind_reading
nobody wants to work with me.,OVERGENERALIZATION
The restaurant was crowded on Saturday.!!!;,none
   The presentation was boring because I couldn't make it interesting. 	  ,personalization
missing this deadline means my career is finished., catastrophizing 
He walked past without saying hello because he is mad at me.,mind-reading
He walked past without saying hello because he is mad at me., mind_reading 
"I struggled with calculus, so I'm terrible at every subject.",overgeneralization
A SINGLE BAD DECISION COULD DESTROY EVERYTHING.,
"i didn't get this internship, so i'll never get an internship.",over_generalization
"<p>If I lose this job, I'll never recover.</p>",catastrophizing
"My team lost today, so we can never win.",overgeneralization
"   My professor frowned, so he must think I'm stupid. 	  ",mind_reading
   He read my message and didn't respond because he's annoyed with me. 	  ,MIND_READING
, none 
ONE REJECTION COULD MEAN I HAVE NO FUTURE IN THIS FIELD.,catastrophizing
"ONE PERSON REJECTED MY IDEA, SO PEOPLE HATE MY IDEAS.",over_generalization
   He hasn't texted me because he doesn't like me anymore. 	  ,mind_reading
My parents argued because I caused too much stress.!!!~~,personalization
A BAD GRADE WILL DESTROY ALL MY CHANCES OF SUCCEEDING.,catastrophizing
The restaurant was crowded on Saturday., none 
"if i lose this job, i'll never recover.",catastrophizing
"ONE PROJECT FAILED, SO NONE OF MY PROJECTS WILL EVER WORK.",overgeneralization
<p>One bad semester means my whole degree is a failure.</p>,over_generalization
a small mistake here could completely ruin everything.,CATASTROPHIZING
"If I don't get into this college, my life will be a disaster.!!!++",catastrophizing
<p>The interview lasted about forty minutes.</p>,none
The train arrived ten minutes late today.!!!'',none
,mind_reading
"If I lose this competition, all my hard work was worthless.!!!>>>",CATASTROPHIZING
THE RECRUITER HASN'T REPLIED BECAUSE THEY THINK I'M UNQUALIFIED.,mind_reading
"If I lose this competition, all my hard work was worthless.",catastrophizing
the audience was quiet because they didn't like my presentation.,mind_reading
THE COMPANY REJECTED OUR PROPOSAL BECAUSE I WASN'T PERSUASIVE ENOUGH.,personalization
PORTUGAL HAS NEVER WON THE FIFA WORLD CUP.,none
The audience was quiet because they didn't like my presentation.,mind_reading
"i made a mistake at work, so i'm bad at my job.",overgeneralization
"<p>I made a mistake at work, so I'm bad at my job.</p>",overgeneralization
My friend didn't reply to my message yesterday.!!!{{{,none
"i didn't get this internship, so i'll never get an internship.", overgeneralization 
"<div>She was quiet during dinner, so she must be upset with me.</div>",mind_reading
<div>The temperature dropped significantly overnight.</div>, none 
"<p>If I lose this job, I'll never recover.</p>",catastrophizing
<p>The company rejected our proposal because I wasn't persuasive enough.</p>,personalization
One bad semester means my whole degree is a failure.,OVERGENERALIZATION
,over_generalization
MY FRIEND SAW MY MESSAGE BUT DIDN'T ANSWER BECAUSE SHE WANTS TO IGNORE ME., mind_reading 
   Everyone in my class is smarter than me. 	  , overgeneralization 
My manager didn't praise me because she thinks I'm incompetent., mind_reading 
My parents argued because I caused too much stress., personalization 
   The temperature dropped significantly overnight. 	  , none 
"IF I FAIL THIS EXAM, MY ENTIRE LIFE IS OVER.", catastrophizing 
The project failed because I wasn't capable enough.,personalization
My manager didn't praise me because she thinks I'm incompetent.,mind_reading
<div>He read my message and didn't respond because he's annoyed with me.</div>, mind_reading 
"If I fail this exam, my entire life is over.",catastrophizing
the party was awkward because i made everyone uncomfortable.,personalization
"One customer complained, so all our customers must be unhappy.",overgeneralization
The restaurant was crowded on Saturday.,NONE
I studied for three hours before the exam.,none
<div>He hasn't texted me because he doesn't like me anymore.</div>,mind_reading
my colleague made a mistake because i didn't explain things well enough.,personalization
NOBODY EVER LISTENS TO WHAT I SAY., overgeneralization 
,overgeneralization
My parents argued because I caused too much stress.!!!)),personalization
A BAD GRADE WILL DESTROY ALL MY CHANCES OF SUCCEEDING.,catastrophizing
THE MEETING WENT BADLY BECAUSE I RUINED IT FOR EVERYONE.,personalization
"<div>One person rejected my idea, so people hate my ideas.</div>",overgeneralization
"They haven't complimented my work because they think it's terrible.!!!,,,",mind-reading
"if i embarrass myself today, i'll never be able to face these people again.",catastrophizing
"my friend is unhappy today, so it must be because of something i did.",PERSONALIZATION
She changed her major after her second year., none 
"She sounded tired, so she must be bored of talking to me.", mind_reading 
The bus was delayed because of traffic.!!!)),none
,personalization
Everyone in my class is smarter than me.,overgeneralization
They haven't complimented my work because they think it's terrible.!!!|||,MIND_READING
"if i miss this opportunity, my future is ruined.",CATASTROPHIZING
the company hired five new engineers this month.,none
a single bad decision could destroy everything., catastrophizing 
He is in a bad mood because of me.,PERSONALIZATION
He walked past without saying hello because he is mad at me.!!!===,mind_reading
THE TEAM MISSED THE DEADLINE BECAUSE I WASN'T GOOD ENOUGH.,personalization
The project failed because I wasn't capable enough.,personalization
<p>Everyone deserves equal treatment under the law.</p>,NONE
<div>He is in a bad mood because of me.</div>,personalization
My friend cancelled because I must have offended him.,mind-reading
   The meeting went badly because I ruined it for everyone. 	  ,personalization
He read my message and didn't respond because he's annoyed with me.,mind_reading
She smiled at everyone except me because she dislikes me.,mind-reading
   They didn't invite me because they don't want me around. 	  , mind_reading 
"i got sick once after eating there, so that restaurant always makes people sick.", overgeneralization 
"MY FRIEND FORGOT MY BIRTHDAY, SO SHE NEVER CARES ABOUT ME.",overgeneralization
the team missed the deadline because i wasn't good enough.,personalization
<p>My friend saw my message but didn't answer because she wants to ignore me.</p>,mind-reading
my colleague made a mistake because i didn't explain things well enough.,personalization
, catastrophizing 
"She sounded tired, so she must be bored of talking to me.!!!\\", mind_reading 
NOBODY WANTS TO WORK WITH ME.,overgeneralization
"My friend forgot my birthday, so she never cares about me.",overgeneralization
"The interviewer looked serious, so they probably hated my answers.", mind_reading 
"I FAILED ONE EXAM, SO I WILL ALWAYS FAIL.",overgeneralization
"If I don't get into this college, my life will be a disaster.", catastrophizing 
<div>She changed her major after her second year.</div>,none
NOBODY EVER LISTENS TO WHAT I SAY.,over_generalization
<div>A single bad decision could destroy everything.</div>,catastrophizing
"   One project failed, so none of my projects will ever work. 	  ",overgeneralization
   Missing this deadline means my career is finished. 	  , catastrophizing 
the temperature dropped significantly overnight., none 
"i got sick once after eating there, so that restaurant always makes people sick.",overgeneralization
The interview lasted about forty minutes.!!!###,none
   The group didn't finish on time because I wasn't useful enough. 	  ,personalization
,catastrophizing
"   The interviewer looked serious, so they probably hated my answers. 	  ",mind_reading
   He read my message and didn't respond because he's annoyed with me. 	  ,mind-reading
,NONE
"one customer complained, so all our customers must be unhappy.",OVERGENERALIZATION
   Every interview I've had has gone terribly. 	  ,overgeneralization
"if i make a mistake in front of the team, i'll lose everyone's respect forever.",catastrophizing
,personalization
,OVERGENERALIZATION
My teammate is frustrated because I am slowing everyone down.,personalization
She changed her major after her second year.!!!(((,none
THE PROJECT FAILED BECAUSE I WASN'T CAPABLE ENOUGH.,personalization
a single bad decision could destroy everything.,catastrophizing
SHE CHANGED HER MAJOR AFTER HER SECOND YEAR.,none
"EVERY TIME I TRY SOMETHING NEW, I FAIL.",over_generalization
The party was awkward because I made everyone uncomfortable.!!!^^,personalization
One failed interview means my career is doomed.!!!>,catastrophizing
,mind_reading
He didn't reply because he must be angry with me.!!!}}},
"   If I fail this exam, my entire life is over. 	  ",catastrophizing
<div>She changed her major after her second year.</div>,none
Our team lost because I didn't play well enough.,personalization
missing this deadline means my career is finished.,catastrophizing
   The team won three matches this season. 	  , none 
<div>The temperature dropped significantly overnight.</div>,none
"One project failed, so none of my projects will ever work.", overgeneralization 
"I didn't get this internship, so I'll never get an internship.", overgeneralization 
"I DIDN'T GET THIS INTERNSHIP, SO I'LL NEVER GET AN INTERNSHIP.",OVERGENERALIZATION
one bad semester means my whole degree is a failure.,overgeneralization
MY FRIEND CANCELLED BECAUSE I MUST HAVE OFFENDED HIM.,MIND_READING
"ONE CUSTOMER COMPLAINED, SO ALL OUR CUSTOMERS MUST BE UNHAPPY.",overgeneralization
"I MADE A MISTAKE AT WORK, SO I'M BAD AT MY JOB.",overgeneralization
The party was awkward because I made everyone uncomfortable., personalization 
Everyone deserves equal treatment under the law.,NONE
<p>My friend cancelled our plans because I wasn't good company.</p>,personalization
,PERSONALIZATION
   The team lost the match 2-1. 	  ,none
<p>The project requires Python and a database.</p>,none
My parents argued because I caused too much stress.,personalization
"I made one awkward comment, so I ruin every conversation.!!!\",OVERGENERALIZATION
"   My team lost today, so we can never win. 	  ",overgeneralization
she changed her major after her second year.,none
every interview i've had has gone terribly.,over_generalization
"i made a mistake at work, so i'm bad at my job.",over_generalization
"One customer complained, so all our customers must be unhappy.",overgeneralization
"   My friend forgot my birthday, so she never cares about me. 	  ",overgeneralization
"<p>If my presentation fails, nobody will ever trust me again.</p>", catastrophizing 
"I FAILED ONE EXAM, SO I WILL ALWAYS FAIL.",OVERGENERALIZATION
"I got sick once after eating there, so that restaurant always makes people sick.",OVERGENERALIZATION
"If my project fails, everything I've worked for will be pointless.!!!]]]", catastrophizing 
"   My friend forgot my birthday, so she never cares about me. 	  ",over_generalization
   He didn't reply because he must be angry with me. 	  ,MIND_READING
"She looked away, so she probably thinks I'm boring.!!!::",mind_reading
the group didn't finish on time because i wasn't useful enough.,personalization
"<p>She was quiet during dinner, so she must be upset with me.</p>",mind-reading
A bad grade will destroy all my chances of succeeding., catastrophizing 
"If I don't get into this college, my life will be a disaster.!!!\\\",catastrophizing
<p>The library closes at eight in the evening.</p>, none 
"A single bad decision could destroy everything.!!!,,,",CATASTROPHIZING
One bad semester means my whole degree is a failure.!!!(,overgeneralization
My friend saw my message but didn't answer because she wants to ignore me.!!!&&, mind_reading 
   The project failed because I wasn't capable enough. 	  ,personalization
PEOPLE FROM THAT COLLEGE ARE ALL ARROGANT., overgeneralization 
"   They laughed after I spoke, so they were definitely laughing at me. 	  ",mind_reading
The meeting went badly because I ruined it for everyone.,personalization
<div>My colleague made a mistake because I didn't explain things well enough.</div>,personalization
   Our team lost because I didn't play well enough. 	  ,personalization
The recruiter hasn't replied because they think I'm unqualified.,mind_reading
my friend didn't reply to my message yesterday.,none
<div>The group didn't finish on time because I wasn't useful enough.</div>,personalization
"   One customer complained, so all our customers must be unhappy. 	  ", overgeneralization 
My roommate closed the door because he doesn't want to talk to me.,mind-reading
<p>He didn't reply because he must be angry with me.</p>,mind-reading
"   They laughed after I spoke, so they were definitely laughing at me. 	  ",mind_reading
"   If I don't get into this college, my life will be a disaster. 	  ",catastrophizing
THE TEAM LOST THE MATCH 2-1.,none
<div>My friend stopped talking because I must have done something wrong.</div>,personalization
MY FRIEND CANCELLED BECAUSE I MUST HAVE OFFENDED HIM.,mind-reading
   One rejection could mean I have no future in this field. 	  , catastrophizing 
HE DIDN'T REPLY BECAUSE HE MUST BE ANGRY WITH ME.,mind_reading
The audience was quiet because they didn't like my presentation.!!!++,mind_reading
,NONE
The bus was delayed because of traffic.,none
"   She was quiet during dinner, so she must be upset with me. 	  ",MIND_READING
the recruiter hasn't replied because they think i'm unqualified., mind_reading 
"   She looked away, so she probably thinks I'm boring. 	  ",MIND_READING
"<div>I struggled with calculus, so I'm terrible at every subject.</div>",overgeneralization
<p>Everyone deserves equal treatment under the law.</p>,none
"If this presentation goes badly, everyone will remember it forever.",catastrophizing
<div>The team missed the deadline because I wasn't good enough.</div>,personalization
Our team lost because I didn't play well enough.,personalization
He read my message and didn't respond because he's annoyed with me.,mind_reading
A SMALL MISTAKE HERE COULD COMPLETELY RUIN EVERYTHING., catastrophizing 
He didn't reply because he must be angry with me.!!!>>>,
,overgeneralization
My roommate closed the door because he doesn't want to talk to me.!!!^^^, mind_reading 
They didn't invite me because they don't want me around.,mind_reading
"I STRUGGLED WITH CALCULUS, SO I'M TERRIBLE AT EVERY SUBJECT.",overgeneralization
THEY HAVEN'T COMPLIMENTED MY WORK BECAUSE THEY THINK IT'S TERRIBLE.,mind_reading
,overgeneralization
"I DIDN'T GET THIS INTERNSHIP, SO I'LL NEVER GET AN INTERNSHIP.",over_generalization
   My friend cancelled because I must have offended him. 	  ,mind_reading
My friend stopped talking because I must have done something wrong.!!!]]],personalization
   Our professor assigned two chapters for Monday. 	  ,none
The project failed because I wasn't capable enough.!!!#,personalization
"I struggled with calculus, so I'm terrible at every subject.!!!&&&",overgeneralization
"   If I make a mistake in front of the team, I'll lose everyone's respect forever. 	  ",catastrophizing
"I DIDN'T GET THIS INTERNSHIP, SO I'LL NEVER GET AN INTERNSHIP.",over_generalization
the temperature dropped significantly overnight.,NONE
<p>My friend stopped talking because I must have done something wrong.</p>,personalization
"i got sick once after eating there, so that restaurant always makes people sick.",over_generalization
<div>I studied for three hours before the exam.</div>,none
<p>The temperature dropped significantly overnight.</p>,none
<div>The recruiter hasn't replied because they think I'm unqualified.</div>,mind_reading
He read my message and didn't respond because he's annoyed with me.!!!}}},mind-reading
"One project failed, so none of my projects will ever work.!!!\\",overgeneralization
My friend saw my message but didn't answer because she wants to ignore me.!!!},MIND_READING
"THEY LAUGHED AFTER I SPOKE, SO THEY WERE DEFINITELY LAUGHING AT ME.",mind_reading
HE CHOSE ANOTHER TEAMMATE BECAUSE HE THINKS I'M USELESS.,mind_reading
She smiled at everyone except me because she dislikes me.!!!)),mind_reading
My colleague made a mistake because I didn't explain things well enough.!!!%%,PERSONALIZATION
the group didn't finish on time because i wasn't useful enough.,personalization
The library closes at eight in the evening.!!!%,none
She is having a bad day because I upset her., personalization 
<p>The team won three matches this season.</p>,none
<p>The meeting went badly because I ruined it for everyone.</p>,personalization
The restaurant was crowded on Saturday.,none
he is in a bad mood because of me.,PERSONALIZATION
<div>It rained on our trip because I planned it badly.</div>,personalization
"the interviewer looked serious, so they probably hated my answers.", mind_reading 
   The train arrived ten minutes late today. 	  , none 
She smiled at everyone except me because she dislikes me.,MIND_READING
"IF I DON'T GET INTO THIS COLLEGE, MY LIFE WILL BE A DISASTER.",catastrophizing
One mistake will completely ruin my future., catastrophizing 
A BAD GRADE WILL DESTROY ALL MY CHANCES OF SUCCEEDING.,catastrophizing
A SINGLE BAD DECISION COULD DESTROY EVERYTHING.,CATASTROPHIZING
they haven't complimented my work because they think it's terrible.,mind-reading
<p>The team won three matches this season.</p>,NONE
THE TRAIN ARRIVED TEN MINUTES LATE TODAY.,NONE
"I struggled with calculus, so I'm terrible at every subject.", overgeneralization 
He is in a bad mood because of me.,personalization
They didn't invite me because they don't want me around.!!!`,mind_reading
"   I struggled with calculus, so I'm terrible at every subject. 	  ",
,NONE
<div>My friend saw my message but didn't answer because she wants to ignore me.</div>, mind_reading 
, catastrophizing 
Our team lost because I didn't play well enough.,personalization
"   One project failed, so none of my projects will ever work. 	  ",overgeneralization
   My friend stopped talking because I must have done something wrong. 	  ,personalization
   Everyone deserves equal treatment under the law. 	  ,NONE
"I STRUGGLED WITH CALCULUS, SO I'M TERRIBLE AT EVERY SUBJECT.", overgeneralization 
<div>I made one mistake in the presentation.</div>, none 
the team missed the deadline because i wasn't good enough.,
missing this deadline means my career is finished.,catastrophizing
<div>I submitted my application before the deadline.</div>,none
ONE FAILED INTERVIEW MEANS MY CAREER IS DOOMED.,
The customer was unhappy because I handled the situation badly., personalization 
"<p>If I miss this opportunity, my future is ruined.</p>",catastrophizing
   She is having a bad day because I upset her. 	  ,personalization
<div>My friend stopped talking because I must have done something wrong.</div>,personalization
"if i embarrass myself today, i'll never be able to face these people again.",catastrophizing
My colleague made a mistake because I didn't explain things well enough.,personalization
"   If I perform badly once, I'll never be respected again. 	  ",catastrophizing
"IF I MISS THIS OPPORTUNITY, MY FUTURE IS RUINED.",CATASTROPHIZING
,catastrophizing
,mind_reading
"If I perform badly once, I'll never be respected again.",catastrophizing
He chose another teammate because he thinks I'm useless.!!!###,mind-reading
He didn't reply because he must be angry with me.,MIND_READING
My friend saw my message but didn't answer because she wants to ignore me.,mind_reading
"i was late today, so i'm always irresponsible.",over_generalization
The project requires Python and a database.,NONE
   He chose another teammate because he thinks I'm useless. 	  ,mind_reading
I submitted my application before the deadline.!!!**,none
The party was awkward because I made everyone uncomfortable.,personalization
The temperature dropped significantly overnight.!!!!!!,none
,CATASTROPHIZING
<p>People from that college are all arrogant.</p>, overgeneralization 
,mind_reading
<p>My teammate is frustrated because I am slowing everyone down.</p>,personalization
i prefer tea to coffee.,
,personalization
<div>She is having a bad day because I upset her.</div>,personalization
"Our team lost because I didn't play well enough.!!!,,",personalization
She changed her major after her second year., none 
the customer was unhappy because i handled the situation badly., personalization 
,catastrophizing
   She changed her major after her second year. 	  ,none
"If I fail this exam, my entire life is over.",catastrophizing
He walked past without saying hello because he is mad at me.,mind_reading
Our professor assigned two chapters for Monday.!!!^,none
   She changed her major after her second year. 	  ,none
i submitted my application before the deadline.,NONE
every interview i've had has gone terribly.,OVERGENERALIZATION
"   If I embarrass myself today, I'll never be able to face these people again. 	  ",catastrophizing
"If I lose this job, I'll never recover.!!!)", catastrophizing 
,
They didn't invite me because they don't want me around.!!!',mind-reading
She changed her major after her second year.,none
"   The interviewer looked serious, so they probably hated my answers. 	  ",mind_reading
<div>Everyone in my class is smarter than me.</div>,OVERGENERALIZATION
"If my project fails, everything I've worked for will be pointless.",catastrophizing
MISSING THIS DEADLINE MEANS MY CAREER IS FINISHED.,catastrophizing
He is in a bad mood because of me.,personalization
,none
"   I was late today, so I'm always irresponsible. 	  ",overgeneralization
"If I lose this job, I'll never recover.",CATASTROPHIZING
The company hired five new engineers this month.,none
the bus was delayed because of traffic.,none
"If I fail this exam, my entire life is over.",catastrophizing
"If I lose this competition, all my hard work was worthless.",catastrophizing
one failed interview means my career is doomed.,
HE CHOSE ANOTHER TEAMMATE BECAUSE HE THINKS I'M USELESS.,MIND_READING
"i struggled with calculus, so i'm terrible at every subject.", overgeneralization 
The train arrived ten minutes late today.!!!:::, none 
<p>The customer was unhappy because I handled the situation badly.</p>,PERSONALIZATION
"She sounded tired, so she must be bored of talking to me.",mind_reading
I studied for three hours before the exam.,none
"My professor frowned, so he must think I'm stupid.",mind_reading
MY TEAMMATE IS FRUSTRATED BECAUSE I AM SLOWING EVERYONE DOWN.,PERSONALIZATION
The restaurant was crowded on Saturday.,none
"<div>If I perform badly once, I'll never be respected again.</div>",catastrophizing
The company hired five new engineers this month.,none
THE TEAM WON THREE MATCHES THIS SEASON., none 
our professor assigned two chapters for monday.,none
EVERYONE BECAME QUIET BECAUSE I SAID SOMETHING WRONG.,personalization
The audience was quiet because they didn't like my presentation.,mind_reading
<div>She smiled at everyone except me because she dislikes me.</div>,mind_reading
<div>The interview lasted about forty minutes.</div>,none
One mistake will completely ruin my future.!!!~~, catastrophizing 
"   I made one awkward comment, so I ruin every conversation. 	  ",
,personalization
"IF MY PRESENTATION FAILS, NOBODY WILL EVER TRUST ME AGAIN.", catastrophizing 
"<p>If I lose this job, I'll never recover.</p>",catastrophizing
THE LIBRARY CLOSES AT EIGHT IN THE EVENING.,NONE
HE HASN'T TEXTED ME BECAUSE HE DOESN'T LIKE ME ANYMORE.,MIND_READING
"<div>They laughed after I spoke, so they were definitely laughing at me.</div>",
, none 
"If I lose this job, I'll never recover.!!!>>>", catastrophizing 
The bus was delayed because of traffic.,none
"SHE SOUNDED TIRED, SO SHE MUST BE BORED OF TALKING TO ME.",mind_reading
everyone deserves equal treatment under the law.,none
"ONE PROJECT FAILED, SO NONE OF MY PROJECTS WILL EVER WORK.",
"IF MY PRESENTATION FAILS, NOBODY WILL EVER TRUST ME AGAIN.", catastrophizing 
<p>One rejection could mean I have no future in this field.</p>,catastrophizing
<p>My teammate is frustrated because I am slowing everyone down.</p>,PERSONALIZATION
IT RAINED ON OUR TRIP BECAUSE I PLANNED IT BADLY.,personalization
"One customer complained, so all our customers must be unhappy.",overgeneralization
"   One project failed, so none of my projects will ever work. 	  ",overgeneralization
MISSING THIS DEADLINE MEANS MY CAREER IS FINISHED.,catastrophizing
<div>A single bad decision could destroy everything.</div>, catastrophizing 
"I was late today, so I'm always irresponsible.",overgeneralization
   Our professor assigned two chapters for Monday. 	  ,NONE
"   I was late today, so I'm always irresponsible. 	  ",overgeneralization
My friend cancelled because I must have offended him.,mind_reading
every interview i've had has gone terribly.,overgeneralization
They haven't complimented my work because they think it's terrible.!!!``,mind_reading
,overgeneralization
THE PRESENTATION WAS BORING BECAUSE I COULDN'T MAKE IT INTERESTING.,personalization
Everyone deserves equal treatment under the law.,NONE
The party was awkward because I made everyone uncomfortable.!!!!!,personalization
A SINGLE BAD DECISION COULD DESTROY EVERYTHING.,catastrophizing
"I was late today, so I'm always irresponsible.",OVERGENERALIZATION
   A single bad decision could destroy everything. 	  ,catastrophizing
"I struggled with calculus, so I'm terrible at every subject.",overgeneralization
   Everyone in my class is smarter than me. 	  ,overgeneralization
it rained on our trip because i planned it badly.,personalization
"   If I lose this job, I'll never recover. 	  ",catastrophizing
MY FRIEND CANCELLED BECAUSE I MUST HAVE OFFENDED HIM.,MIND_READING
My friend didn't reply to my message yesterday., none 
,PERSONALIZATION
MY MANAGER DIDN'T PRAISE ME BECAUSE SHE THINKS I'M INCOMPETENT.,mind_reading
"   My first attempt didn't work, so the idea is useless. 	  ",overgeneralization
ONE MISTAKE WILL COMPLETELY RUIN MY FUTURE.,catastrophizing
<div>Missing this deadline means my career is finished.</div>,catastrophizing
THE GROUP DIDN'T FINISH ON TIME BECAUSE I WASN'T USEFUL ENOUGH., personalization 
nobody ever listens to what i say., overgeneralization 
He hasn't texted me because he doesn't like me anymore.,mind_reading
"i didn't get this internship, so i'll never get an internship.",overgeneralization
<div>The bus was delayed because of traffic.</div>,NONE
"one person rejected my idea, so people hate my ideas.",overgeneralization
"I submitted my application before the deadline.!!!""""",none
"<div>If this presentation goes badly, everyone will remember it forever.</div>",catastrophizing
She smiled at everyone except me because she dislikes me.!!!$$,
<p>He walked past without saying hello because he is mad at me.</p>,mind_reading
"IF I MAKE A MISTAKE IN FRONT OF THE TEAM, I'LL LOSE EVERYONE'S RESPECT FOREVER.",catastrophizing
   Our team lost because I didn't play well enough. 	  ,personalization
"MY FRIEND IS UNHAPPY TODAY, SO IT MUST BE BECAUSE OF SOMETHING I DID.",personalization
I made one mistake in the presentation.,none
   I studied for three hours before the exam. 	  ,none
everyone deserves equal treatment under the law.,none
"<div>They laughed after I spoke, so they were definitely laughing at me.</div>",MIND_READING
IT RAINED ON OUR TRIP BECAUSE I PLANNED IT BADLY.,personalization
HE WALKED PAST WITHOUT SAYING HELLO BECAUSE HE IS MAD AT ME.,mind-reading
"If my project fails, everything I've worked for will be pointless.",catastrophizing
i made one mistake in the presentation.,none
"If I fail this exam, my entire life is over.",CATASTROPHIZING
"One customer complained, so all our customers must be unhappy.!!!~~~",OVERGENERALIZATION
<div>The event failed because I organized it poorly.</div>,personalization
The team won three matches this season.,NONE
"If I miss this opportunity, my future is ruined.",CATASTROPHIZING
   One rejection could mean I have no future in this field. 	  ,catastrophizing
"If I embarrass myself today, I'll never be able to face these people again.!!!'",catastrophizing
   The company rejected our proposal because I wasn't persuasive enough. 	  ,personalization
Everyone in my class is smarter than me.,OVERGENERALIZATION
"   I failed one exam, so I will always fail. 	  ",overgeneralization
,over_generalization
   They didn't invite me because they don't want me around. 	  ,mind_reading
The team missed the deadline because I wasn't good enough.!!!$,personalization
a small mistake here could completely ruin everything., catastrophizing 
"If I get rejected, I'll never find another opportunity.",catastrophizing
"   If my project fails, everything I've worked for will be pointless. 	  ", catastrophizing 
<p>He is in a bad mood because of me.</p>,personalization
   She is having a bad day because I upset her. 	  ,personalization
   The team won three matches this season. 	  ,none
Nobody ever listens to what I say.,overgeneralization
"<div>The interviewer looked serious, so they probably hated my answers.</div>",mind_reading
<p>My roommate closed the door because he doesn't want to talk to me.</p>,MIND_READING
My friend didn't reply to my message yesterday.,NONE
<p>He is in a bad mood because of me.</p>,
   One failed interview means my career is doomed. 	  ,catastrophizing
I PREFER TEA TO COFFEE.,none
<p>The event failed because I organized it poorly.</p>, personalization 
   She changed her major after her second year. 	  ,none
"I struggled with calculus, so I'm terrible at every subject.",overgeneralization
, overgeneralization 
"   If I miss this opportunity, my future is ruined. 	  ", catastrophizing 
"   If my presentation fails, nobody will ever trust me again. 	  ", catastrophizing 
"one project failed, so none of my projects will ever work.",OVERGENERALIZATION
"   If I lose this job, I'll never recover. 	  ",catastrophizing
the team won three matches this season.,none
THE TEMPERATURE DROPPED SIGNIFICANTLY OVERNIGHT., none 
The bus was delayed because of traffic., none 
"One project failed, so none of my projects will ever work.",overgeneralization
<div>He read my message and didn't respond because he's annoyed with me.</div>,mind_reading
I made one mistake in the presentation.!!!],none
<div>Portugal has never won the FIFA World Cup.</div>,
"   My friend is unhappy today, so it must be because of something I did. 	  ",personalization
The company rejected our proposal because I wasn't persuasive enough.,personalization
the party was awkward because i made everyone uncomfortable.,PERSONALIZATION
"   If I lose this job, I'll never recover. 	  ",
"IF I MISS THIS OPPORTUNITY, MY FUTURE IS RUINED.",CATASTROPHIZING
"If I make a mistake in front of the team, I'll lose everyone's respect forever.",catastrophizing
"<div>If I get rejected, I'll never find another opportunity.</div>",catastrophizing
"MY TEAM LOST TODAY, SO WE CAN NEVER WIN.",OVERGENERALIZATION
"if this presentation goes badly, everyone will remember it forever.",catastrophizing
"Every interview I've had has gone terribly.!!!,,,",over_generalization
"If I get rejected, I'll never find another opportunity.!!!@@",catastrophizing
The bus was delayed because of traffic.,none
"MY FRIEND FORGOT MY BIRTHDAY, SO SHE NEVER CARES ABOUT ME.",over_generalization
People from that college are all arrogant.,overgeneralization
"<div>If this relationship ends, I'll never be happy again.</div>",catastrophizing
She is having a bad day because I upset her.,PERSONALIZATION
   She smiled at everyone except me because she dislikes me. 	  ,mind_reading
My laptop has 16 GB of RAM.!!!<,none
"<div>My friend is unhappy today, so it must be because of something I did.</div>",personalization
A single bad decision could destroy everything.!!!((,CATASTROPHIZING
   The team won three matches this season. 	  ,none
It rained on our trip because I planned it badly.,personalization
"The presentation was boring because I couldn't make it interesting.!!!""""",PERSONALIZATION
,personalization
My friend saw my message but didn't answer because she wants to ignore me.,MIND_READING
,
<p>A small mistake here could completely ruin everything.</p>, catastrophizing 
"I MADE A MISTAKE AT WORK, SO I'M BAD AT MY JOB.",over_generalization
"   If this relationship ends, I'll never be happy again. 	  ",catastrophizing
"IF I LOSE THIS COMPETITION, ALL MY HARD WORK WAS WORTHLESS.",catastrophizing
   A single bad decision could destroy everything. 	  ,catastrophizing
<div>The train arrived ten minutes late today.</div>,none
"   If this relationship ends, I'll never be happy again. 	  ",catastrophizing
,PERSONALIZATION
he walked past without saying hello because he is mad at me.,MIND_READING
"She looked away, so she probably thinks I'm boring.",mind-reading
"If I don't get into this college, my life will be a disaster.",
"<p>If I embarrass myself today, I'll never be able to face these people again.</p>",catastrophizing
   Everyone deserves equal treatment under the law. 	  ,
"   They laughed after I spoke, so they were definitely laughing at me. 	  ",mind_reading
,mind_reading
   My friend cancelled our plans because I wasn't good company. 	  ,PERSONALIZATION
"if my presentation fails, nobody will ever trust me again.",catastrophizing
"She sounded tired, so she must be bored of talking to me.",mind-reading
,none
My colleague made a mistake because I didn't explain things well enough.!!![[,personalization
"I failed one exam, so I will always fail.",overgeneralization
THE AUDIENCE WAS QUIET BECAUSE THEY DIDN'T LIKE MY PRESENTATION.,mind_reading
One mistake will completely ruin my future.!!!$$$,catastrophizing
, personalization 
<div>My friend stopped talking because I must have done something wrong.</div>,
<div>It rained on our trip because I planned it badly.</div>,PERSONALIZATION
THE MEETING WENT BADLY BECAUSE I RUINED IT FOR EVERYONE.,personalization
   My roommate closed the door because he doesn't want to talk to me. 	  ,MIND_READING
"if i perform badly once, i'll never be respected again.",catastrophizing
"One person rejected my idea, so people hate my ideas.",overgeneralization
   Portugal has never won the FIFA World Cup. 	  ,NONE
everyone deserves equal treatment under the law.,NONE
"IF I DON'T GET INTO THIS COLLEGE, MY LIFE WILL BE A DISASTER.",CATASTROPHIZING
"If I don't get into this college, my life will be a disaster.",catastrophizing
"if this presentation goes badly, everyone will remember it forever.",
my colleague made a mistake because i didn't explain things well enough.,personalization
,none
"I MADE A MISTAKE AT WORK, SO I'M BAD AT MY JOB.",over_generalization
<div>The project failed because I wasn't capable enough.</div>,personalization
"   I failed one exam, so I will always fail. 	  ", overgeneralization 
   Our professor assigned two chapters for Monday. 	  ,none
My friend cancelled because I must have offended him.,mind_reading
"I got sick once after eating there, so that restaurant always makes people sick.",overgeneralization
my friend didn't reply to my message yesterday.,none
,overgeneralization
OUR TEAM LOST BECAUSE I DIDN'T PLAY WELL ENOUGH.,personalization
i prefer tea to coffee.,
   Our professor assigned two chapters for Monday. 	  ,
"<p>My team lost today, so we can never win.</p>",
She changed her major after her second year.!!!;;;,none
"One person rejected my idea, so people hate my ideas.",
The temperature dropped significantly overnight.!!![[,none
THE PARTY WAS AWKWARD BECAUSE I MADE EVERYONE UNCOMFORTABLE., personalization 
She changed her major after her second year.,none
A small mistake here could completely ruin everything.,catastrophizing
"   Every time I try something new, I fail. 	  ",OVERGENERALIZATION
"if i get rejected, i'll never find another opportunity.",catastrophizing
"My friend forgot my birthday, so she never cares about me.",overgeneralization
A small mistake here could completely ruin everything.,catastrophizing
"   The interviewer looked serious, so they probably hated my answers. 	  ", mind_reading 
"if i perform badly once, i'll never be respected again.",CATASTROPHIZING
"<p>I got sick once after eating there, so that restaurant always makes people sick.</p>", overgeneralization 
a bad grade will destroy all my chances of succeeding.,CATASTROPHIZING
"   One person rejected my idea, so people hate my ideas. 	  ",overgeneralization
he walked past without saying hello because he is mad at me.,mind_reading
HE DIDN'T REPLY BECAUSE HE MUST BE ANGRY WITH ME.,MIND_READING
He walked past without saying hello because he is mad at me.,mind_reading
The restaurant was crowded on Saturday.,none
"i made a mistake at work, so i'm bad at my job.",overgeneralization
the customer was unhappy because i handled the situation badly.,personalization
"<p>If I embarrass myself today, I'll never be able to face these people again.</p>",catastrophizing
The bus was delayed because of traffic.,NONE
the project requires python and a database.,none
The team lost the match 2-1.,none
   The restaurant was crowded on Saturday. 	  ,none
the meeting went badly because i ruined it for everyone.,personalization
"   I didn't get this internship, so I'll never get an internship. 	  ",overgeneralization
,overgeneralization
The interview lasted about forty minutes.!!!/,none
SHE SMILED AT EVERYONE EXCEPT ME BECAUSE SHE DISLIKES ME.,mind_reading
the team missed the deadline because i wasn't good enough.,personalization
"   If I don't get into this college, my life will be a disaster. 	  ",CATASTROPHIZING
   The audience was quiet because they didn't like my presentation. 	  ,MIND_READING
He read my message and didn't respond because he's annoyed with me.,mind_reading
The event failed because I organized it poorly.,PERSONALIZATION
Portugal has never won the FIFA World Cup.,none
   The presentation was boring because I couldn't make it interesting. 	  ,personalization
A bad grade will destroy all my chances of succeeding.!!!]]],catastrophizing
I prefer tea to coffee.,none
<div>I prefer tea to coffee.</div>,NONE
My friend didn't reply to my message yesterday.,none
i submitted my application before the deadline., none 
a single bad decision could destroy everything.,catastrophizing
The meeting went badly because I ruined it for everyone.,personalization
The customer was unhappy because I handled the situation badly.!!!--,personalization
My parents argued because I caused too much stress., personalization 
he read my message and didn't respond because he's annoyed with me.,mind_reading
The company hired five new engineers this month.,NONE
, mind_reading 
"MY PROFESSOR FROWNED, SO HE MUST THINK I'M STUPID.", mind_reading 
<div>The company rejected our proposal because I wasn't persuasive enough.</div>,personalization
,none
,none
<p>She smiled at everyone except me because she dislikes me.</p>, mind_reading 
   They haven't complimented my work because they think it's terrible. 	  ,MIND_READING
"MY FRIEND IS UNHAPPY TODAY, SO IT MUST BE BECAUSE OF SOMETHING I DID.",personalization
The temperature dropped significantly overnight., none 
"I DIDN'T GET THIS INTERNSHIP, SO I'LL NEVER GET AN INTERNSHIP.",over_generalization
Everyone became quiet because I said something wrong.,personalization
<div>My teammate is frustrated because I am slowing everyone down.</div>,personalization
She is having a bad day because I upset her.!!![[[,personalization
"if i perform badly once, i'll never be respected again.",catastrophizing
the train arrived ten minutes late today.,none
"i struggled with calculus, so i'm terrible at every subject.",overgeneralization
   My friend cancelled because I must have offended him. 	  ,mind_reading
"   If I miss this opportunity, my future is ruined. 	  ",
"my friend forgot my birthday, so she never cares about me.",OVERGENERALIZATION
"If I lose this competition, all my hard work was worthless.!!!---", catastrophizing 
,over_generalization
"Every time I try something new, I fail.",OVERGENERALIZATION
My manager didn't praise me because she thinks I'm incompetent.,mind_reading
<div>My friend saw my message but didn't answer because she wants to ignore me.</div>,MIND_READING
,catastrophizing
,personalization
MY TEAMMATE IS FRUSTRATED BECAUSE I AM SLOWING EVERYONE DOWN., personalization 
The interview lasted about forty minutes., none 
"   If I don't get into this college, my life will be a disaster. 	  ",catastrophizing
The presentation was boring because I couldn't make it interesting.,personalization
One bad semester means my whole degree is a failure.,overgeneralization
he hasn't texted me because he doesn't like me anymore.,mind_reading
"I was late today, so I'm always irresponsible.",OVERGENERALIZATION
   I made one mistake in the presentation. 	  ,none
"Every time I try something new, I fail.!!!::",overgeneralization
,personalization
"She sounded tired, so she must be bored of talking to me.!!!***",MIND_READING
One rejection could mean I have no future in this field.,CATASTROPHIZING
"if my presentation fails, nobody will ever trust me again.",catastrophizing
<div>My laptop has 16 GB of RAM.</div>,none
"IF I MISS THIS OPPORTUNITY, MY FUTURE IS RUINED.",catastrophizing
   The restaurant was crowded on Saturday. 	  ,
   He walked past without saying hello because he is mad at me. 	  , mind_reading 
MY FRIEND SAW MY MESSAGE BUT DIDN'T ANSWER BECAUSE SHE WANTS TO IGNORE ME.,mind_reading
"If I fail this exam, my entire life is over.",
"IF I LOSE THIS COMPETITION, ALL MY HARD WORK WAS WORTHLESS.",catastrophizing
MISSING THIS DEADLINE MEANS MY CAREER IS FINISHED.,catastrophizing
The team won three matches this season.,none
"If this presentation goes badly, everyone will remember it forever.",catastrophizing
"<div>I made a mistake at work, so I'm bad at my job.</div>",overgeneralization
<div>He walked past without saying hello because he is mad at me.</div>,mind_reading
   My friend cancelled because I must have offended him. 	  ,mind_reading
"i struggled with calculus, so i'm terrible at every subject.",overgeneralization
nobody wants to work with me.,overgeneralization
The temperature dropped significantly overnight.,none
The library closes at eight in the evening.,NONE
it rained on our trip because i planned it badly.,personalization
"My friend forgot my birthday, so she never cares about me.",overgeneralization
MY FRIEND DIDN'T REPLY TO MY MESSAGE YESTERDAY.,NONE
The audience was quiet because they didn't like my presentation.,mind_reading
"if i embarrass myself today, i'll never be able to face these people again.",catastrophizing
people from that college are all arrogant.,over_generalization
my friend didn't reply to my message yesterday.,none
MY ROOMMATE CLOSED THE DOOR BECAUSE HE DOESN'T WANT TO TALK TO ME.,mind_reading
"I got sick once after eating there, so that restaurant always makes people sick.",overgeneralization
"If I miss this opportunity, my future is ruined.",CATASTROPHIZING
   The team missed the deadline because I wasn't good enough. 	  ,PERSONALIZATION
"MY TEAM LOST TODAY, SO WE CAN NEVER WIN.",OVERGENERALIZATION
<div>I studied for three hours before the exam.</div>,none
"if i don't get into this college, my life will be a disaster.",catastrophizing
My roommate closed the door because he doesn't want to talk to me.!!!;;;,
THE PROJECT REQUIRES PYTHON AND A DATABASE.,none
My manager didn't praise me because she thinks I'm incompetent.,mind_reading
"If I lose this competition, all my hard work was worthless.!!!<<",catastrophizing
"My friend forgot my birthday, so she never cares about me.",overgeneralization
"   One person rejected my idea, so people hate my ideas. 	  ",OVERGENERALIZATION
Missing this deadline means my career is finished.,CATASTROPHIZING
THE TEAM LOST THE MATCH 2-1.,
THE PARTY WAS AWKWARD BECAUSE I MADE EVERYONE UNCOMFORTABLE.,personalization
THE PROJECT FAILED BECAUSE I WASN'T CAPABLE ENOUGH.,PERSONALIZATION
"<p>They laughed after I spoke, so they were definitely laughing at me.</p>",mind-reading
"She sounded tired, so she must be bored of talking to me.",
The team won three matches this season.,
Every interview I've had has gone terribly.,overgeneralization
"   One customer complained, so all our customers must be unhappy. 	  ",over_generalization
"   If my presentation fails, nobody will ever trust me again. 	  ",catastrophizing
People from that college are all arrogant., overgeneralization 
A bad grade will destroy all my chances of succeeding., catastrophizing 
"IF MY PROJECT FAILS, EVERYTHING I'VE WORKED FOR WILL BE POINTLESS.",catastrophizing
"One project failed, so none of my projects will ever work.",overgeneralization
"A small mistake here could completely ruin everything.!!!,,,",
a small mistake here could completely ruin everything., catastrophizing 
   My laptop has 16 GB of RAM. 	  , none 
He chose another teammate because he thinks I'm useless.,mind_reading
They haven't complimented my work because they think it's terrible.!!!]]],MIND_READING
The train arrived ten minutes late today.,
MY FRIEND STOPPED TALKING BECAUSE I MUST HAVE DONE SOMETHING WRONG.,personalization
One rejection could mean I have no future in this field.,
My roommate closed the door because he doesn't want to talk to me.,mind_reading
,catastrophizing
<div>Everyone in my class is smarter than me.</div>, overgeneralization 
I made one mistake in the presentation.!!![[[,none
, mind_reading 
THE TEAM LOST THE MATCH 2-1.,NONE
Everyone deserves equal treatment under the law.,none
One rejection could mean I have no future in this field.,catastrophizing
The team won three matches this season.!!!=,none
THE COMPANY HIRED FIVE NEW ENGINEERS THIS MONTH.,NONE
"She looked away, so she probably thinks I'm boring.!!!!",mind_reading
"i struggled with calculus, so i'm terrible at every subject.",overgeneralization
"<p>If this presentation goes badly, everyone will remember it forever.</p>",catastrophizing
,none
Everyone deserves equal treatment under the law.,none
the train arrived ten minutes late today.,none
"my team lost today, so we can never win.",overgeneralization
<div>A small mistake here could completely ruin everything.</div>,catastrophizing
He didn't reply because he must be angry with me.!!!:,
THE TRAIN ARRIVED TEN MINUTES LATE TODAY., none 
"She was quiet during dinner, so she must be upset with me.", mind_reading 
   My roommate closed the door because he doesn't want to talk to me. 	  ,mind_reading
the recruiter hasn't replied because they think i'm unqualified., mind_reading 
One bad semester means my whole degree is a failure.,OVERGENERALIZATION
"I made one awkward comment, so I ruin every conversation.!!!>>",overgeneralization
"If this relationship ends, I'll never be happy again.!!!#",catastrophizing
"if i lose this competition, all my hard work was worthless.",CATASTROPHIZING
HE CHOSE ANOTHER TEAMMATE BECAUSE HE THINKS I'M USELESS.,MIND_READING
"One project failed, so none of my projects will ever work.!!!+",overgeneralization
Portugal has never won the FIFA World Cup.!!!```,none
<p>They didn't invite me because they don't want me around.</p>,MIND_READING
"if i miss this opportunity, my future is ruined.",catastrophizing
"my friend forgot my birthday, so she never cares about me.",overgeneralization
"i struggled with calculus, so i'm terrible at every subject.", overgeneralization 
"   If I get rejected, I'll never find another opportunity. 	  ",catastrophizing
portugal has never won the fifa world cup.,NONE
,PERSONALIZATION
OUR TEAM LOST BECAUSE I DIDN'T PLAY WELL ENOUGH., personalization 
"If I fail this exam, my entire life is over.",catastrophizing
"If this presentation goes badly, everyone will remember it forever.!!!___",CATASTROPHIZING
THE TEAM WON THREE MATCHES THIS SEASON.,none
my manager didn't praise me because she thinks i'm incompetent., mind_reading 
He didn't reply because he must be angry with me., mind_reading 
The project requires Python and a database.,none
My roommate closed the door because he doesn't want to talk to me., mind_reading 
everyone became quiet because i said something wrong.,personalization
The bus was delayed because of traffic., none 
"I made a mistake at work, so I'm bad at my job.", overgeneralization 
"   They laughed after I spoke, so they were definitely laughing at me. 	  ",mind_reading
"<div>My friend forgot my birthday, so she never cares about me.</div>",overgeneralization
"One person rejected my idea, so people hate my ideas.!!!""""",overgeneralization
"I got sick once after eating there, so that restaurant always makes people sick.!!!^^",OVERGENERALIZATION
"if i don't get into this college, my life will be a disaster.",catastrophizing
The bus was delayed because of traffic.,none
"IF I GET REJECTED, I'LL NEVER FIND ANOTHER OPPORTUNITY.",catastrophizing
<div>She changed her major after her second year.</div>,NONE
Our professor assigned two chapters for Monday.,none
   My laptop has 16 GB of RAM. 	  ,none
she changed her major after her second year.,none
"She looked away, so she probably thinks I'm boring.",mind-reading
<p>The recruiter hasn't replied because they think I'm unqualified.</p>,MIND_READING
The customer was unhappy because I handled the situation badly.,
   She is having a bad day because I upset her. 	  ,PERSONALIZATION
"if i perform badly once, i'll never be respected again.",catastrophizing
PORTUGAL HAS NEVER WON THE FIFA WORLD CUP.,none
"My team lost today, so we can never win.!!!))",overgeneralization
nobody wants to work with me.,overgeneralization
   One bad semester means my whole degree is a failure. 	  ,overgeneralization
It rained on our trip because I planned it badly.,PERSONALIZATION
"A bad grade will destroy all my chances of succeeding.!!!,,",catastrophizing
He read my message and didn't respond because he's annoyed with me.,mind_reading
THE AUDIENCE WAS QUIET BECAUSE THEY DIDN'T LIKE MY PRESENTATION.,mind-reading
"I got sick once after eating there, so that restaurant always makes people sick.", overgeneralization 
The project failed because I wasn't capable enough.!!!@@@,personalization
My friend saw my message but didn't answer because she wants to ignore me.,mind_reading
,catastrophizing
<div>The recruiter hasn't replied because they think I'm unqualified.</div>,mind_reading
,mind_reading
A bad grade will destroy all my chances of succeeding.,catastrophizing
"if i miss this opportunity, my future is ruined.",CATASTROPHIZING
"She sounded tired, so she must be bored of talking to me.!!!&",mind_reading
"I MADE A MISTAKE AT WORK, SO I'M BAD AT MY JOB.",overgeneralization
HE READ MY MESSAGE AND DIDN'T RESPOND BECAUSE HE'S ANNOYED WITH ME., mind_reading 
My parents argued because I caused too much stress.,PERSONALIZATION
THE COMPANY REJECTED OUR PROPOSAL BECAUSE I WASN'T PERSUASIVE ENOUGH.,PERSONALIZATION
"i failed one exam, so i will always fail.",
"I MADE ONE AWKWARD COMMENT, SO I RUIN EVERY CONVERSATION.", overgeneralization 
<p>One mistake will completely ruin my future.</p>,catastrophizing
"<p>If I lose this competition, all my hard work was worthless.</p>", catastrophizing 
"I got sick once after eating there, so that restaurant always makes people sick.!!!}",over_generalization
The event failed because I organized it poorly.,personalization
<div>He walked past without saying hello because he is mad at me.</div>,mind_reading
"Every time I try something new, I fail.",OVERGENERALIZATION
"   They laughed after I spoke, so they were definitely laughing at me. 	  ",mind_reading
   The project requires Python and a database. 	  ,none
   I studied for three hours before the exam. 	  ,NONE
<div>The audience was quiet because they didn't like my presentation.</div>,mind_reading
"MY FRIEND FORGOT MY BIRTHDAY, SO SHE NEVER CARES ABOUT ME.",over_generalization
"I was late today, so I'm always irresponsible.!!!>>", overgeneralization 
   The company rejected our proposal because I wasn't persuasive enough. 	  ,personalization
"one customer complained, so all our customers must be unhappy.",overgeneralization
Everyone became quiet because I said something wrong.!!!;, personalization 
"IF I MAKE A MISTAKE IN FRONT OF THE TEAM, I'LL LOSE EVERYONE'S RESPECT FOREVER.",catastrophizing
,MIND_READING
,overgeneralization
The project requires Python and a database.!!!*,none
I made one mistake in the presentation.,none
The audience was quiet because they didn't like my presentation.,mind_reading
"IF I LOSE THIS JOB, I'LL NEVER RECOVER.",catastrophizing
The temperature dropped significantly overnight.!!!;,none
Missing this deadline means my career is finished.!!!%%,CATASTROPHIZING
My friend didn't reply to my message yesterday.!!!{{{,none
"If I fail this exam, my entire life is over.!!!`",catastrophizing
My colleague made a mistake because I didn't explain things well enough.,personalization
"IF MY PRESENTATION FAILS, NOBODY WILL EVER TRUST ME AGAIN.",catastrophizing
THEY HAVEN'T COMPLIMENTED MY WORK BECAUSE THEY THINK IT'S TERRIBLE.,mind_reading
,catastrophizing
Nobody ever listens to what I say.,overgeneralization
   Everyone deserves equal treatment under the law. 	  ,none
Nobody wants to work with me.!!!<<,over_generalization
"<p>If I miss this opportunity, my future is ruined.</p>",catastrophizing
"If I get rejected, I'll never find another opportunity.!!!??",catastrophizing
"   She looked away, so she probably thinks I'm boring. 	  ",MIND_READING
"They laughed after I spoke, so they were definitely laughing at me.",mind_reading
"My first attempt didn't work, so the idea is useless.!!!=",overgeneralization
"IF I PERFORM BADLY ONCE, I'LL NEVER BE RESPECTED AGAIN.",catastrophizing
"<p>If my presentation fails, nobody will ever trust me again.</p>",catastrophizing
SHE CHANGED HER MAJOR AFTER HER SECOND YEAR.,none
He read my message and didn't respond because he's annoyed with me.!!!//,mind_reading
"If I perform badly once, I'll never be respected again.",catastrophizing
The audience was quiet because they didn't like my presentation.!!!``,
"One customer complained, so all our customers must be unhappy.",OVERGENERALIZATION
"My friend forgot my birthday, so she never cares about me.",OVERGENERALIZATION
My friend stopped talking because I must have done something wrong.,PERSONALIZATION
One rejection could mean I have no future in this field.,catastrophizing
"I was late today, so I'm always irresponsible.!!!{",over_generalization
the team won three matches this season.,none
"If I lose this job, I'll never recover.!!!\",catastrophizing
They haven't complimented my work because they think it's terrible.,mind_reading
<p>The audience was quiet because they didn't like my presentation.</p>,mind_reading
The library closes at eight in the evening.,none
   My friend cancelled our plans because I wasn't good company. 	  ,personalization
"   I failed one exam, so I will always fail. 	  ",overgeneralization
"If I miss this opportunity, my future is ruined.",catastrophizing
,none
"<p>If I fail this exam, my entire life is over.</p>", catastrophizing 
"   If I miss this opportunity, my future is ruined. 	  ",catastrophizing
The audience was quiet because they didn't like my presentation.!!!))),MIND_READING
They didn't invite me because they don't want me around.,mind-reading
my parents argued because i caused too much stress.,personalization
,mind_reading
<div>He hasn't texted me because he doesn't like me anymore.</div>,mind_reading
MY FRIEND SAW MY MESSAGE BUT DIDN'T ANSWER BECAUSE SHE WANTS TO IGNORE ME.,mind_reading
"my team lost today, so we can never win.",overgeneralization
my friend stopped talking because i must have done something wrong.,PERSONALIZATION
   Missing this deadline means my career is finished. 	  ,CATASTROPHIZING
"my friend is unhappy today, so it must be because of something i did.",personalization
"If my project fails, everything I've worked for will be pointless.",CATASTROPHIZING
The team missed the deadline because I wasn't good enough.!!!))),personalization
   She smiled at everyone except me because she dislikes me. 	  ,mind_reading
the party was awkward because i made everyone uncomfortable.,personalization
"   My first attempt didn't work, so the idea is useless. 	  ",overgeneralization
   Missing this deadline means my career is finished. 	  ,catastrophizing
"I made a mistake at work, so I'm bad at my job.!!!@@@", overgeneralization 
One failed interview means my career is doomed.,catastrophizing
,mind_reading
My friend saw my message but didn't answer because she wants to ignore me.,mind_reading
She smiled at everyone except me because she dislikes me.,mind_reading
,overgeneralization
"I GOT SICK ONCE AFTER EATING THERE, SO THAT RESTAURANT ALWAYS MAKES PEOPLE SICK.",overgeneralization
I made one mistake in the presentation.!!!---,none
   The party was awkward because I made everyone uncomfortable. 	  ,personalization
<p>My parents argued because I caused too much stress.</p>,personalization
THE EVENT FAILED BECAUSE I ORGANIZED IT POORLY., personalization 
<div>He is in a bad mood because of me.</div>,personalization
"My friend forgot my birthday, so she never cares about me.",OVERGENERALIZATION
"My professor frowned, so he must think I'm stupid.",MIND_READING
"   She was quiet during dinner, so she must be upset with me. 	  ", mind_reading 
,over_generalization
"if i lose this job, i'll never recover.",catastrophizing
My parents argued because I caused too much stress.,personalization
   My friend cancelled because I must have offended him. 	  ,mind-reading
The meeting went badly because I ruined it for everyone.!!![[[,personalization
<p>The customer was unhappy because I handled the situation badly.</p>,personalization
   The team missed the deadline because I wasn't good enough. 	  , personalization 
The company hired five new engineers this month.,none
IT RAINED ON OUR TRIP BECAUSE I PLANNED IT BADLY.,personalization
"I didn't get this internship, so I'll never get an internship.",overgeneralization
he read my message and didn't respond because he's annoyed with me., mind_reading 
   My friend cancelled our plans because I wasn't good company. 	  ,PERSONALIZATION
It rained on our trip because I planned it badly.,personalization
My friend didn't reply to my message yesterday., none 
A small mistake here could completely ruin everything.!!!||,CATASTROPHIZING
the team missed the deadline because i wasn't good enough.,PERSONALIZATION
THE AUDIENCE WAS QUIET BECAUSE THEY DIDN'T LIKE MY PRESENTATION.,mind_reading
,personalization
"<p>If I lose this competition, all my hard work was worthless.</p>",catastrophizing
"one person rejected my idea, so people hate my ideas.",overgeneralization
THE TEAM LOST THE MATCH 2-1.,none
"<p>My friend is unhappy today, so it must be because of something I did.</p>",personalization
"If this presentation goes badly, everyone will remember it forever.",catastrophizing
He walked past without saying hello because he is mad at me.!!!`,mind-reading
"MY TEAM LOST TODAY, SO WE CAN NEVER WIN.", overgeneralization 
"Every time I try something new, I fail.!!!\",OVERGENERALIZATION
"I made one awkward comment, so I ruin every conversation.!!!***",overgeneralization
,catastrophizing
"<p>I got sick once after eating there, so that restaurant always makes people sick.</p>",overgeneralization
   A bad grade will destroy all my chances of succeeding. 	  ,
<p>He hasn't texted me because he doesn't like me anymore.</p>, mind_reading 
"<p>If this relationship ends, I'll never be happy again.</p>",catastrophizing
SHE IS HAVING A BAD DAY BECAUSE I UPSET HER., personalization 
"She sounded tired, so she must be bored of talking to me.!!!::",mind-reading
"   She looked away, so she probably thinks I'm boring. 	  ", mind_reading 
"If I lose this competition, all my hard work was worthless.!!!]]]", catastrophizing 
She is having a bad day because I upset her.,personalization
The party was awkward because I made everyone uncomfortable.,personalization
"<div>If I lose this competition, all my hard work was worthless.</div>",CATASTROPHIZING
"If I embarrass myself today, I'll never be able to face these people again.", catastrophizing 
"IF I PERFORM BADLY ONCE, I'LL NEVER BE RESPECTED AGAIN.",CATASTROPHIZING
"   The interviewer looked serious, so they probably hated my answers. 	  ",
NOBODY WANTS TO WORK WITH ME.,over_generalization
<div>I submitted my application before the deadline.</div>, none 
,personalization
<p>Portugal has never won the FIFA World Cup.</p>,none
She changed her major after her second year.,none
The group didn't finish on time because I wasn't useful enough.,personalization
The temperature dropped significantly overnight.!!!@@@,none
THE AUDIENCE WAS QUIET BECAUSE THEY DIDN'T LIKE MY PRESENTATION.,mind_reading
He didn't reply because he must be angry with me.!!!\\,MIND_READING
Everyone became quiet because I said something wrong.,personalization
,over_generalization
MY MANAGER DIDN'T PRAISE ME BECAUSE SHE THINKS I'M INCOMPETENT.,mind-reading
ONE BAD SEMESTER MEANS MY WHOLE DEGREE IS A FAILURE.,over_generalization
My colleague made a mistake because I didn't explain things well enough.!!!///,personalization
"<div>If I fail this exam, my entire life is over.</div>", catastrophizing 
she is having a bad day because i upset her., personalization 
The company hired five new engineers this month., none 
"Every time I try something new, I fail.",overgeneralization
"The bus was delayed because of traffic.!!!""",none
<p>My friend saw my message but didn't answer because she wants to ignore me.</p>,mind_reading
"<div>I didn't get this internship, so I'll never get an internship.</div>",over_generalization
"My first attempt didn't work, so the idea is useless.",overgeneralization
The audience was quiet because they didn't like my presentation.,mind_reading
   I made one mistake in the presentation. 	  ,none
I prefer tea to coffee., none 
One bad semester means my whole degree is a failure.!!!::,overgeneralization
"My friend is unhappy today, so it must be because of something I did.",PERSONALIZATION
One mistake will completely ruin my future.!!!$,catastrophizing
   I studied for three hours before the exam. 	  , none 
"i got sick once after eating there, so that restaurant always makes people sick.",OVERGENERALIZATION
My colleague made a mistake because I didn't explain things well enough.,personalization
"If I get rejected, I'll never find another opportunity.",catastrophizing
"IF THIS PRESENTATION GOES BADLY, EVERYONE WILL REMEMBER IT FOREVER.", catastrophizing 
   The team missed the deadline because I wasn't good enough. 	  , personalization 
"If I lose this competition, all my hard work was worthless.!!!-", catastrophizing 
,MIND_READING
"<p>My professor frowned, so he must think I'm stupid.</p>",mind-reading
"SHE SOUNDED TIRED, SO SHE MUST BE BORED OF TALKING TO ME.",mind_reading
<div>My colleague made a mistake because I didn't explain things well enough.</div>,personalization
The team lost the match 2-1.,none
"if i embarrass myself today, i'll never be able to face these people again.",catastrophizing
The recruiter hasn't replied because they think I'm unqualified.,mind-reading
My manager didn't praise me because she thinks I'm incompetent.,mind_reading
my friend cancelled because i must have offended him.,mind-reading
"If my project fails, everything I've worked for will be pointless.!!!]]",catastrophizing
,
"<p>If I make a mistake in front of the team, I'll lose everyone's respect forever.</p>",catastrophizing
EVERYONE BECAME QUIET BECAUSE I SAID SOMETHING WRONG.,PERSONALIZATION
One bad semester means my whole degree is a failure.!!!],OVERGENERALIZATION
One mistake will completely ruin my future.!!!{{{,catastrophizing
"   The interviewer looked serious, so they probably hated my answers. 	  ",mind-reading
"One person rejected my idea, so people hate my ideas.!!!,",overgeneralization
"if i miss this opportunity, my future is ruined.",catastrophizing
   People from that college are all arrogant. 	  , overgeneralization 
   He didn't reply because he must be angry with me. 	  , mind_reading 
,NONE
they didn't invite me because they don't want me around., mind_reading 
The party was awkward because I made everyone uncomfortable.!!!#,personalization
"If I miss this opportunity, my future is ruined.",catastrophizing
THE EVENT FAILED BECAUSE I ORGANIZED IT POORLY.,personalization
The audience was quiet because they didn't like my presentation.!!!{,MIND_READING
"I GOT SICK ONCE AFTER EATING THERE, SO THAT RESTAURANT ALWAYS MAKES PEOPLE SICK.",overgeneralization
"If I make a mistake in front of the team, I'll lose everyone's respect forever.!!!{", catastrophizing 
   The customer was unhappy because I handled the situation badly. 	  ,personalization
"If I make a mistake in front of the team, I'll lose everyone's respect forever.!!!//",catastrophizing
"If I perform badly once, I'll never be respected again.",catastrophizing
"The interviewer looked serious, so they probably hated my answers.!!!///", mind_reading 
"IF I DON'T GET INTO THIS COLLEGE, MY LIFE WILL BE A DISASTER.",catastrophizing
Nobody wants to work with me.,OVERGENERALIZATION
<p>The team missed the deadline because I wasn't good enough.</p>,personalization
"One person rejected my idea, so people hate my ideas.",overgeneralization
"I made one awkward comment, so I ruin every conversation.!!!]]",overgeneralization
<div>He walked past without saying hello because he is mad at me.</div>,mind_reading
   Everyone in my class is smarter than me. 	  ,over_generalization
one rejection could mean i have no future in this field.,catastrophizing
"   My professor frowned, so he must think I'm stupid. 	  ",mind_reading
"<div>I struggled with calculus, so I'm terrible at every subject.</div>",overgeneralization
My friend cancelled our plans because I wasn't good company.,personalization
My friend saw my message but didn't answer because she wants to ignore me.,mind_reading
the audience was quiet because they didn't like my presentation.,mind_reading
My friend cancelled because I must have offended him., mind_reading 
"   If I lose this job, I'll never recover. 	  ",
   Everyone deserves equal treatment under the law. 	  ,none
My manager didn't praise me because she thinks I'm incompetent.,
everyone became quiet because i said something wrong.,PERSONALIZATION
Missing this deadline means my career is finished.!!!%%,CATASTROPHIZING
"   My first attempt didn't work, so the idea is useless. 	  ",over_generalization
   The group didn't finish on time because I wasn't useful enough. 	  ,PERSONALIZATION
   The team lost the match 2-1. 	  ,none
THE CUSTOMER WAS UNHAPPY BECAUSE I HANDLED THE SITUATION BADLY.,personalization
"I was late today, so I'm always irresponsible.",overgeneralization
"The interviewer looked serious, so they probably hated my answers.!!!???",mind-reading
My friend cancelled because I must have offended him.,mind_reading
"IF I MAKE A MISTAKE IN FRONT OF THE TEAM, I'LL LOSE EVERYONE'S RESPECT FOREVER.",
The party was awkward because I made everyone uncomfortable.!!!))), personalization 
A bad grade will destroy all my chances of succeeding.!!!(((,catastrophizing
"   My professor frowned, so he must think I'm stupid. 	  ",MIND_READING
"One person rejected my idea, so people hate my ideas.",overgeneralization
   The project requires Python and a database. 	  ,none
i submitted my application before the deadline.,none
"I GOT SICK ONCE AFTER EATING THERE, SO THAT RESTAURANT ALWAYS MAKES PEOPLE SICK.",over_generalization
   A bad grade will destroy all my chances of succeeding. 	  ,catastrophizing
A small mistake here could completely ruin everything.!!!}},catastrophizing
my laptop has 16 gb of ram.,none
<div>She changed her major after her second year.</div>,none
The recruiter hasn't replied because they think I'm unqualified.,mind-reading
   Every interview I've had has gone terribly. 	  ,over_generalization
One failed interview means my career is doomed.!!!))),catastrophizing
,none
"my team lost today, so we can never win.",OVERGENERALIZATION
"If I get rejected, I'll never find another opportunity.!!!&",catastrophizing
a single bad decision could destroy everything.,catastrophizing
One bad semester means my whole degree is a failure.,OVERGENERALIZATION
she is having a bad day because i upset her.,personalization
"   My professor frowned, so he must think I'm stupid. 	  ",MIND_READING
The team missed the deadline because I wasn't good enough.,
,
   Everyone became quiet because I said something wrong. 	  ,personalization
"One customer complained, so all our customers must be unhappy.",overgeneralization
PEOPLE FROM THAT COLLEGE ARE ALL ARROGANT.,OVERGENERALIZATION
"They didn't invite me because they don't want me around.!!!""""""",mind_reading
THE TEAM MISSED THE DEADLINE BECAUSE I WASN'T GOOD ENOUGH.,PERSONALIZATION
   I studied for three hours before the exam. 	  ,none
   The presentation was boring because I couldn't make it interesting. 	  ,personalization
"If I fail this exam, my entire life is over.",catastrophizing
"<div>I struggled with calculus, so I'm terrible at every subject.</div>",overgeneralization
the team missed the deadline because i wasn't good enough.,personalization
THE TEAM WON THREE MATCHES THIS SEASON.,none
The interview lasted about forty minutes.!!!**,none
<p>The restaurant was crowded on Saturday.</p>,none
One mistake will completely ruin my future.,
My laptop has 16 GB of RAM.,none
The team lost the match 2-1.,none
"I was late today, so I'm always irresponsible.",overgeneralization
   I submitted my application before the deadline. 	  ,NONE
<div>He didn't reply because he must be angry with me.</div>,
<div>One failed interview means my career is doomed.</div>,catastrophizing
"If I lose this competition, all my hard work was worthless.",CATASTROPHIZING
"The interviewer looked serious, so they probably hated my answers.", mind_reading 
The customer was unhappy because I handled the situation badly.!!!...,personalization
"If I embarrass myself today, I'll never be able to face these people again.",catastrophizing
he hasn't texted me because he doesn't like me anymore.,mind_reading
One bad semester means my whole degree is a failure.,overgeneralization
it rained on our trip because i planned it badly.,personalization
"If I make a mistake in front of the team, I'll lose everyone's respect forever.",catastrophizing
<p>The company hired five new engineers this month.</p>,none
"I DIDN'T GET THIS INTERNSHIP, SO I'LL NEVER GET AN INTERNSHIP.",over_generalization
"One customer complained, so all our customers must be unhappy.",overgeneralization
she smiled at everyone except me because she dislikes me., mind_reading 
"   My team lost today, so we can never win. 	  ",overgeneralization
THE AUDIENCE WAS QUIET BECAUSE THEY DIDN'T LIKE MY PRESENTATION.,mind_reading
,catastrophizing
"The interviewer looked serious, so they probably hated my answers.",mind_reading
"I failed one exam, so I will always fail.", overgeneralization 
my teammate is frustrated because i am slowing everyone down.,personalization
"   If I miss this opportunity, my future is ruined. 	  ",catastrophizing
One bad semester means my whole degree is a failure., overgeneralization 
The party was awkward because I made everyone uncomfortable.,personalization
my friend cancelled our plans because i wasn't good company.,personalization
missing this deadline means my career is finished.,catastrophizing
I prefer tea to coffee.,none
   He didn't reply because he must be angry with me. 	  ,mind_reading
My parents argued because I caused too much stress.!!!~~,personalization
"I got sick once after eating there, so that restaurant always makes people sick.",overgeneralization
"   One customer complained, so all our customers must be unhappy. 	  ",overgeneralization
<div>The team won three matches this season.</div>,NONE
My laptop has 16 GB of RAM.,none
<div>My friend cancelled because I must have offended him.</div>, mind_reading 
Missing this deadline means my career is finished.,catastrophizing
,mind_reading
"MY TEAM LOST TODAY, SO WE CAN NEVER WIN.",overgeneralization
They didn't invite me because they don't want me around.,mind_reading
THE PARTY WAS AWKWARD BECAUSE I MADE EVERYONE UNCOMFORTABLE., personalization 
<div>My manager didn't praise me because she thinks I'm incompetent.</div>,mind-reading
"<div>The interviewer looked serious, so they probably hated my answers.</div>",mind-reading
"She was quiet during dinner, so she must be upset with me.!!!&&&", mind_reading 
   The recruiter hasn't replied because they think I'm unqualified. 	  ,MIND_READING
SHE SMILED AT EVERYONE EXCEPT ME BECAUSE SHE DISLIKES ME., mind_reading 
He is in a bad mood because of me.!!!((,PERSONALIZATION
"They laughed after I spoke, so they were definitely laughing at me.",MIND_READING
The team lost the match 2-1.,NONE
,none
"If I miss this opportunity, my future is ruined.!!!??",catastrophizing
"If I don't get into this college, my life will be a disaster.",catastrophizing
   I prefer tea to coffee. 	  ,none
EVERYONE BECAME QUIET BECAUSE I SAID SOMETHING WRONG.,PERSONALIZATION
It rained on our trip because I planned it badly.!!!!!!,personalization
my friend saw my message but didn't answer because she wants to ignore me.,mind_reading
"SHE SOUNDED TIRED, SO SHE MUST BE BORED OF TALKING TO ME.",mind_reading
the project requires python and a database.,NONE
The team missed the deadline because I wasn't good enough.,personalization
"My friend forgot my birthday, so she never cares about me.",overgeneralization
portugal has never won the fifa world cup.,NONE
Every interview I've had has gone terribly.,overgeneralization
Nobody wants to work with me.!!!!!,
they didn't invite me because they don't want me around.,mind_reading
   A bad grade will destroy all my chances of succeeding. 	  ,catastrophizing
<div>My friend stopped talking because I must have done something wrong.</div>, personalization 
The company rejected our proposal because I wasn't persuasive enough.,personalization
"If my presentation fails, nobody will ever trust me again.!!!>>>",CATASTROPHIZING
One bad semester means my whole degree is a failure.,over_generalization
"<div>If this presentation goes badly, everyone will remember it forever.</div>",CATASTROPHIZING
,catastrophizing
,mind-reading
   Everyone became quiet because I said something wrong. 	  ,personalization
the audience was quiet because they didn't like my presentation.,mind_reading
I prefer tea to coffee., none 
"   My first attempt didn't work, so the idea is useless. 	  ", overgeneralization 
Every interview I've had has gone terribly.,overgeneralization
"I got sick once after eating there, so that restaurant always makes people sick.!!!^^",over_generalization
"Every time I try something new, I fail.!!!~",OVERGENERALIZATION
<div>The company hired five new engineers this month.</div>,none
i studied for three hours before the exam.,none
my friend cancelled because i must have offended him.,mind_reading
The company hired five new engineers this month.,none
i studied for three hours before the exam.,none
The restaurant was crowded on Saturday.!!!//,none
"I made a mistake at work, so I'm bad at my job.",overgeneralization
A small mistake here could completely ruin everything.,catastrophizing
   Our team lost because I didn't play well enough. 	  ,personalization
"MY FIRST ATTEMPT DIDN'T WORK, SO THE IDEA IS USELESS.",over_generalization
<div>He chose another teammate because he thinks I'm useless.</div>, mind_reading 
"If I fail this exam, my entire life is over.",catastrophizing
"They laughed after I spoke, so they were definitely laughing at me.",mind_reading
,
A bad grade will destroy all my chances of succeeding.,catastrophizing
Everyone became quiet because I said something wrong.,PERSONALIZATION
   One mistake will completely ruin my future. 	  ,catastrophizing
"She sounded tired, so she must be bored of talking to me.",mind_reading
"Every time I try something new, I fail.!!!""",overgeneralization
<div>My friend saw my message but didn't answer because she wants to ignore me.</div>, mind_reading 
She smiled at everyone except me because she dislikes me.!!!\\,MIND_READING
THE BUS WAS DELAYED BECAUSE OF TRAFFIC.,none
<div>A bad grade will destroy all my chances of succeeding.</div>,catastrophizing
   My teammate is frustrated because I am slowing everyone down. 	  ,personalization
the team won three matches this season.,NONE
"   If my presentation fails, nobody will ever trust me again. 	  ",catastrophizing
SHE SMILED AT EVERYONE EXCEPT ME BECAUSE SHE DISLIKES ME.,mind_reading
It rained on our trip because I planned it badly.,personalization
"If I don't get into this college, my life will be a disaster.!!!``", catastrophizing 
HE CHOSE ANOTHER TEAMMATE BECAUSE HE THINKS I'M USELESS.,mind_reading
One bad semester means my whole degree is a failure.,OVERGENERALIZATION
Nobody ever listens to what I say.!!!&&&, overgeneralization 
"My friend forgot my birthday, so she never cares about me.!!!__",overgeneralization
"One bad semester means my whole degree is a failure.!!!""",overgeneralization
"If I don't get into this college, my life will be a disaster.!!!++",catastrophizing
   The recruiter hasn't replied because they think I'm unqualified. 	  , mind_reading 
"I struggled with calculus, so I'm terrible at every subject.",OVERGENERALIZATION
Our professor assigned two chapters for Monday.,none
<p>She is having a bad day because I upset her.</p>,PERSONALIZATION
My friend didn't reply to my message yesterday.,none
My friend saw my message but didn't answer because she wants to ignore me.!!!), mind_reading 
EVERY INTERVIEW I'VE HAD HAS GONE TERRIBLY.,overgeneralization
<p>The team lost the match 2-1.</p>, none 
   The restaurant was crowded on Saturday. 	  ,none
,OVERGENERALIZATION
Portugal has never won the FIFA World Cup., none 
MY FRIEND CANCELLED OUR PLANS BECAUSE I WASN'T GOOD COMPANY.,personalization
He read my message and didn't respond because he's annoyed with me.,mind-reading
nobody wants to work with me.,OVERGENERALIZATION
MY FRIEND STOPPED TALKING BECAUSE I MUST HAVE DONE SOMETHING WRONG.,personalization
"<p>One customer complained, so all our customers must be unhappy.</p>",overgeneralization
"I failed one exam, so I will always fail.!!!&&",over_generalization
"My friend is unhappy today, so it must be because of something I did.",personalization
The bus was delayed because of traffic.!!!**,none
"THE INTERVIEWER LOOKED SERIOUS, SO THEY PROBABLY HATED MY ANSWERS.",mind_reading
<p>My teammate is frustrated because I am slowing everyone down.</p>, personalization 
,personalization
He chose another teammate because he thinks I'm useless.,mind_reading
the group didn't finish on time because i wasn't useful enough.,PERSONALIZATION
My friend saw my message but didn't answer because she wants to ignore me., mind_reading 
<div>She changed her major after her second year.</div>,NONE
the team won three matches this season.,none
They didn't invite me because they don't want me around.,MIND_READING
A bad grade will destroy all my chances of succeeding., catastrophizing 
<p>Everyone deserves equal treatment under the law.</p>,NONE
,overgeneralization
My teammate is frustrated because I am slowing everyone down.,personalization
"<p>If this relationship ends, I'll never be happy again.</p>",catastrophizing
my manager didn't praise me because she thinks i'm incompetent.,mind_reading
The library closes at eight in the evening.!!!',
"I WAS LATE TODAY, SO I'M ALWAYS IRRESPONSIBLE.",
"She was quiet during dinner, so she must be upset with me.!!!^^^",MIND_READING
<div>One bad semester means my whole degree is a failure.</div>,overgeneralization
<p>It rained on our trip because I planned it badly.</p>,PERSONALIZATION
"one project failed, so none of my projects will ever work.",over_generalization
   The interview lasted about forty minutes. 	  ,none
The temperature dropped significantly overnight.,none
The train arrived ten minutes late today.!!!%%,none
a small mistake here could completely ruin everything.,catastrophizing
"   One customer complained, so all our customers must be unhappy. 	  ", overgeneralization 
   The project failed because I wasn't capable enough. 	  ,personalization
"my friend is unhappy today, so it must be because of something i did.",personalization
,OVERGENERALIZATION
,overgeneralization
They didn't invite me because they don't want me around.,mind_reading
<p>The group didn't finish on time because I wasn't useful enough.</p>, personalization 
"<p>She sounded tired, so she must be bored of talking to me.</p>",mind_reading
the project requires python and a database.,none
"   I made a mistake at work, so I'm bad at my job. 	  ",overgeneralization
"If I lose this competition, all my hard work was worthless.",catastrophizing
My laptop has 16 GB of RAM.,none
<p>I submitted my application before the deadline.</p>,none
THE PROJECT REQUIRES PYTHON AND A DATABASE.,none
"The group didn't finish on time because I wasn't useful enough.!!!""""""",personalization
<div>Nobody ever listens to what I say.</div>,overgeneralization
"One person rejected my idea, so people hate my ideas.",overgeneralization
The project requires Python and a database.,none
She changed her major after her second year.!!!###,NONE
My friend cancelled because I must have offended him.,MIND_READING
"If I embarrass myself today, I'll never be able to face these people again.",catastrophizing
EVERYONE BECAME QUIET BECAUSE I SAID SOMETHING WRONG.,personalization
"IF THIS RELATIONSHIP ENDS, I'LL NEVER BE HAPPY AGAIN.",catastrophizing
   He chose another teammate because he thinks I'm useless. 	  ,mind_reading
Everyone deserves equal treatment under the law.,none
"I didn't get this internship, so I'll never get an internship.", overgeneralization 
   I studied for three hours before the exam. 	  ,NONE
, personalization 
people from that college are all arrogant.,overgeneralization
"IF I PERFORM BADLY ONCE, I'LL NEVER BE RESPECTED AGAIN.",catastrophizing
my parents argued because i caused too much stress.,personalization
"i made a mistake at work, so i'm bad at my job.",OVERGENERALIZATION
A SMALL MISTAKE HERE COULD COMPLETELY RUIN EVERYTHING., catastrophizing 
My friend cancelled our plans because I wasn't good company.,personalization
   A bad grade will destroy all my chances of succeeding. 	  ,catastrophizing
"If I lose this job, I'll never recover.",catastrophizing
"I FAILED ONE EXAM, SO I WILL ALWAYS FAIL.",overgeneralization
The temperature dropped significantly overnight.,none
, overgeneralization 
"if this presentation goes badly, everyone will remember it forever.",catastrophizing
My friend didn't reply to my message yesterday.,NONE
Everyone deserves equal treatment under the law.,none
The restaurant was crowded on Saturday.,NONE
"If I make a mistake in front of the team, I'll lose everyone's respect forever.",catastrophizing
"<p>If I make a mistake in front of the team, I'll lose everyone's respect forever.</p>",catastrophizing
HE CHOSE ANOTHER TEAMMATE BECAUSE HE THINKS I'M USELESS.,mind_reading
Nobody wants to work with me.,overgeneralization
   One rejection could mean I have no future in this field. 	  ,catastrophizing
"   They laughed after I spoke, so they were definitely laughing at me. 	  ", mind_reading 
"If I lose this job, I'll never recover.",catastrophizing
The recruiter hasn't replied because they think I'm unqualified.!!!...,mind_reading
"If I fail this exam, my entire life is over.!!!|",catastrophizing
THE INTERVIEW LASTED ABOUT FORTY MINUTES.,none
my colleague made a mistake because i didn't explain things well enough.,personalization
I studied for three hours before the exam.,none
   She changed her major after her second year. 	  ,none
the project requires python and a database.,
"   If I fail this exam, my entire life is over. 	  ",catastrophizing
"   My first attempt didn't work, so the idea is useless. 	  ",overgeneralization
"IF I DON'T GET INTO THIS COLLEGE, MY LIFE WILL BE A DISASTER.", catastrophizing 
THE TRAIN ARRIVED TEN MINUTES LATE TODAY.,none
"If I don't get into this college, my life will be a disaster.", catastrophizing 
,none
, none 
"I MADE ONE AWKWARD COMMENT, SO I RUIN EVERY CONVERSATION.",OVERGENERALIZATION
,catastrophizing
"I got sick once after eating there, so that restaurant always makes people sick.!!!::",overgeneralization
My friend stopped talking because I must have done something wrong.,personalization
My manager didn't praise me because she thinks I'm incompetent.,mind_reading
   Nobody ever listens to what I say. 	  ,overgeneralization
"   If I get rejected, I'll never find another opportunity. 	  ",catastrophizing
He chose another teammate because he thinks I'm useless.,mind_reading
The group didn't finish on time because I wasn't useful enough.!!!((,PERSONALIZATION
   Our team lost because I didn't play well enough. 	  ,personalization
HE WALKED PAST WITHOUT SAYING HELLO BECAUSE HE IS MAD AT ME.,mind_reading
"   Every time I try something new, I fail. 	  ",OVERGENERALIZATION
he is in a bad mood because of me.,PERSONALIZATION
   A single bad decision could destroy everything. 	  ,catastrophizing
He chose another teammate because he thinks I'm useless.,MIND_READING
"I made a mistake at work, so I'm bad at my job.", overgeneralization 
he is in a bad mood because of me.,personalization
The audience was quiet because they didn't like my presentation.!!!'',mind_reading
,catastrophizing
<p>My friend stopped talking because I must have done something wrong.</p>,
A small mistake here could completely ruin everything.,catastrophizing
He read my message and didn't respond because he's annoyed with me.,mind_reading
<p>The bus was delayed because of traffic.</p>, none 
Everyone became quiet because I said something wrong.!!!_, personalization 
"I failed one exam, so I will always fail.",overgeneralization
<div>My friend didn't reply to my message yesterday.</div>,NONE
<div>My friend didn't reply to my message yesterday.</div>,none
The party was awkward because I made everyone uncomfortable.!!!%%,personalization
everyone deserves equal treatment under the law., none 
   The team missed the deadline because I wasn't good enough. 	  , personalization 
The team lost the match 2-1.!!!(((,none
A bad grade will destroy all my chances of succeeding.,catastrophizing
OUR PROFESSOR ASSIGNED TWO CHAPTERS FOR MONDAY.,NONE
,MIND_READING
One rejection could mean I have no future in this field.!!!||,CATASTROPHIZING
"she was quiet during dinner, so she must be upset with me.",mind_reading
He is in a bad mood because of me.,personalization
the audience was quiet because they didn't like my presentation.,MIND_READING
Everyone in my class is smarter than me.!!!., overgeneralization 
THE TEAM WON THREE MATCHES THIS SEASON.,
"   My first attempt didn't work, so the idea is useless. 	  ",over_generalization
The restaurant was crowded on Saturday.,none
"They laughed after I spoke, so they were definitely laughing at me.!!!##",mind_reading
<p>The bus was delayed because of traffic.</p>, none 
The library closes at eight in the evening.!!!_, none 
MY FRIEND STOPPED TALKING BECAUSE I MUST HAVE DONE SOMETHING WRONG.,personalization
A SMALL MISTAKE HERE COULD COMPLETELY RUIN EVERYTHING., catastrophizing 
THE MEETING WENT BADLY BECAUSE I RUINED IT FOR EVERYONE., personalization 
A SINGLE BAD DECISION COULD DESTROY EVERYTHING.,
"I was late today, so I'm always irresponsible.",overgeneralization
   Every interview I've had has gone terribly. 	  , overgeneralization 
"<p>If this relationship ends, I'll never be happy again.</p>",CATASTROPHIZING
He hasn't texted me because he doesn't like me anymore.,mind-reading
"If my presentation fails, nobody will ever trust me again.!!!###",catastrophizing
,
"<p>If I don't get into this college, my life will be a disaster.</p>",catastrophizing
The team missed the deadline because I wasn't good enough.,personalization
the train arrived ten minutes late today.,none
I prefer tea to coffee.!!!%,none
I MADE ONE MISTAKE IN THE PRESENTATION.,none
The team missed the deadline because I wasn't good enough.,personalization
"<p>She sounded tired, so she must be bored of talking to me.</p>",
"IF I LOSE THIS COMPETITION, ALL MY HARD WORK WAS WORTHLESS.",catastrophizing
<div>The meeting went badly because I ruined it for everyone.</div>,PERSONALIZATION
The project requires Python and a database.,NONE
"I failed one exam, so I will always fail.",overgeneralization
   People from that college are all arrogant. 	  ,OVERGENERALIZATION
The customer was unhappy because I handled the situation badly.,personalization
he is in a bad mood because of me.,personalization
Everyone became quiet because I said something wrong.!!!@@@,
   My friend didn't reply to my message yesterday. 	  ,NONE
The meeting went badly because I ruined it for everyone.,personalization
"If I make a mistake in front of the team, I'll lose everyone's respect forever.!!!''",catastrophizing
The train arrived ten minutes late today.!!!`,none
"<p>They laughed after I spoke, so they were definitely laughing at me.</p>",mind-reading
My friend cancelled our plans because I wasn't good company.,personalization
"She was quiet during dinner, so she must be upset with me.",mind_reading
Every interview I've had has gone terribly.,OVERGENERALIZATION
"<p>My first attempt didn't work, so the idea is useless.</p>",overgeneralization
THE TRAIN ARRIVED TEN MINUTES LATE TODAY.,none
He walked past without saying hello because he is mad at me.,mind_reading
Our team lost because I didn't play well enough.,personalization
"the interviewer looked serious, so they probably hated my answers.", mind_reading 
I prefer tea to coffee.,none
"They laughed after I spoke, so they were definitely laughing at me.",mind_reading
"<div>My team lost today, so we can never win.</div>", overgeneralization 
They didn't invite me because they don't want me around.,mind-reading
Our team lost because I didn't play well enough.!!!{,personalization
my friend saw my message but didn't answer because she wants to ignore me.,mind_reading
"<p>My team lost today, so we can never win.</p>",over_generalization
,none
He read my message and didn't respond because he's annoyed with me.!!!..,mind_reading
   My friend saw my message but didn't answer because she wants to ignore me. 	  ,mind_reading
He hasn't texted me because he doesn't like me anymore.,MIND_READING
THE TEMPERATURE DROPPED SIGNIFICANTLY OVERNIGHT., none 
,MIND_READING
People from that college are all arrogant.,overgeneralization
the group didn't finish on time because i wasn't useful enough.,personalization
"<div>If my project fails, everything I've worked for will be pointless.</div>",catastrophizing
"If I perform badly once, I'll never be respected again.",catastrophizing
The train arrived ten minutes late today.!!!**,none
The restaurant was crowded on Saturday.,NONE
My parents argued because I caused too much stress.!!!##,personalization
"   I got sick once after eating there, so that restaurant always makes people sick. 	  ", overgeneralization 
People from that college are all arrogant.!!!!!!,overgeneralization
NOBODY WANTS TO WORK WITH ME.,overgeneralization
he walked past without saying hello because he is mad at me.,mind_reading
"   They laughed after I spoke, so they were definitely laughing at me. 	  ",mind-reading
She smiled at everyone except me because she dislikes me.,mind_reading
MY PARENTS ARGUED BECAUSE I CAUSED TOO MUCH STRESS.,personalization
THE COMPANY REJECTED OUR PROPOSAL BECAUSE I WASN'T PERSUASIVE ENOUGH.,personalization
The presentation was boring because I couldn't make it interesting.,personalization
"Every time I try something new, I fail.", overgeneralization 
our professor assigned two chapters for monday.,NONE
   My friend stopped talking because I must have done something wrong. 	  ,personalization
   The group didn't finish on time because I wasn't useful enough. 	  ,personalization
A bad grade will destroy all my chances of succeeding., catastrophizing 
<div>He is in a bad mood because of me.</div>,PERSONALIZATION
He is in a bad mood because of me.!!!**,personalization
"if i lose this job, i'll never recover.",catastrophizing
"<p>If I make a mistake in front of the team, I'll lose everyone's respect forever.</p>", catastrophizing 
SHE SMILED AT EVERYONE EXCEPT ME BECAUSE SHE DISLIKES ME., mind_reading 
my friend stopped talking because i must have done something wrong.,personalization
the audience was quiet because they didn't like my presentation.,mind_reading
One failed interview means my career is doomed.!!!^^,catastrophizing
the company rejected our proposal because i wasn't persuasive enough.,personalization
"i made one awkward comment, so i ruin every conversation.",over_generalization
Nobody wants to work with me., overgeneralization 
<div>Nobody ever listens to what I say.</div>,overgeneralization
One bad semester means my whole degree is a failure.,OVERGENERALIZATION
"   One project failed, so none of my projects will ever work. 	  ",over_generalization
"if this relationship ends, i'll never be happy again.", catastrophizing 
The temperature dropped significantly overnight.!!!>>, none 
   Nobody wants to work with me. 	  ,OVERGENERALIZATION
He chose another teammate because he thinks I'm useless.,
A small mistake here could completely ruin everything., catastrophizing 
   My laptop has 16 GB of RAM. 	  , none 
,overgeneralization
My friend stopped talking because I must have done something wrong., personalization 
I SUBMITTED MY APPLICATION BEFORE THE DEADLINE., none 
"EVERY TIME I TRY SOMETHING NEW, I FAIL.",OVERGENERALIZATION
"   My friend forgot my birthday, so she never cares about me. 	  ",overgeneralization
   My parents argued because I caused too much stress. 	  ,personalization
My friend stopped talking because I must have done something wrong.,personalization
They haven't complimented my work because they think it's terrible.,MIND_READING
<div>Everyone in my class is smarter than me.</div>, overgeneralization 
<p>My manager didn't praise me because she thinks I'm incompetent.</p>,mind-reading
my friend didn't reply to my message yesterday.,none
   They didn't invite me because they don't want me around. 	  ,mind-reading
,none
<div>My friend saw my message but didn't answer because she wants to ignore me.</div>,mind_reading
"If I miss this opportunity, my future is ruined.",catastrophizing
The interview lasted about forty minutes.!!!;, none 
people from that college are all arrogant.,OVERGENERALIZATION
"My professor frowned, so he must think I'm stupid.",mind_reading
ONE FAILED INTERVIEW MEANS MY CAREER IS DOOMED., catastrophizing 
"One person rejected my idea, so people hate my ideas.",OVERGENERALIZATION
The event failed because I organized it poorly., personalization 
every interview i've had has gone terribly.,OVERGENERALIZATION
   The group didn't finish on time because I wasn't useful enough. 	  ,personalization
<p>People from that college are all arrogant.</p>,overgeneralization
My friend didn't reply to my message yesterday.,NONE
PEOPLE FROM THAT COLLEGE ARE ALL ARROGANT.,
   He is in a bad mood because of me. 	  ,personalization
"i got sick once after eating there, so that restaurant always makes people sick.",over_generalization
Nobody ever listens to what I say.!!!]]],overgeneralization
"ONE PROJECT FAILED, SO NONE OF MY PROJECTS WILL EVER WORK.",overgeneralization
<p>A single bad decision could destroy everything.</p>,catastrophizing
he hasn't texted me because he doesn't like me anymore.,mind_reading
"ONE PROJECT FAILED, SO NONE OF MY PROJECTS WILL EVER WORK.",overgeneralization
"   One person rejected my idea, so people hate my ideas. 	  ",overgeneralization
"<div>I made a mistake at work, so I'm bad at my job.</div>",overgeneralization
<p>The meeting went badly because I ruined it for everyone.</p>, personalization 
   My laptop has 16 GB of RAM. 	  ,none
He is in a bad mood because of me.,
It rained on our trip because I planned it badly.,personalization
I prefer tea to coffee.,NONE
A small mistake here could completely ruin everything.,catastrophizing
"   If I lose this competition, all my hard work was worthless. 	  ",catastrophizing
"she looked away, so she probably thinks i'm boring.", mind_reading 
,personalization
my parents argued because i caused too much stress.,personalization
"   My team lost today, so we can never win. 	  ",overgeneralization
He is in a bad mood because of me.!!!**,personalization
"EVERY TIME I TRY SOMETHING NEW, I FAIL.",overgeneralization
"If I embarrass myself today, I'll never be able to face these people again.!!!(((",catastrophizing
"   I didn't get this internship, so I'll never get an internship. 	  ",overgeneralization
   Every interview I've had has gone terribly. 	  ,overgeneralization
She is having a bad day because I upset her.,personalization
One bad semester means my whole degree is a failure.!!!_,over_generalization
"if i fail this exam, my entire life is over.",catastrophizing
<div>People from that college are all arrogant.</div>,overgeneralization
,overgeneralization
A single bad decision could destroy everything.!!!++,
He is in a bad mood because of me.,personalization
, none 
My friend stopped talking because I must have done something wrong.,personalization
   Missing this deadline means my career is finished. 	  ,catastrophizing
"IF I MAKE A MISTAKE IN FRONT OF THE TEAM, I'LL LOSE EVERYONE'S RESPECT FOREVER.",
"<div>She was quiet during dinner, so she must be upset with me.</div>",mind_reading
the bus was delayed because of traffic., none 
"One project failed, so none of my projects will ever work.",overgeneralization
she smiled at everyone except me because she dislikes me.,mind-reading
the project failed because i wasn't capable enough.,PERSONALIZATION
the recruiter hasn't replied because they think i'm unqualified.,
<p>The library closes at eight in the evening.</p>,none
"Nobody ever listens to what I say.!!!,,",overgeneralization
"If I don't get into this college, my life will be a disaster.",
,none
she smiled at everyone except me because she dislikes me.,mind-reading
"One project failed, so none of my projects will ever work.!!!\\\",OVERGENERALIZATION
"my team lost today, so we can never win.", overgeneralization 
I SUBMITTED MY APPLICATION BEFORE THE DEADLINE.,none
Everyone became quiet because I said something wrong.,
   He read my message and didn't respond because he's annoyed with me. 	  ,mind_reading
The team won three matches this season.,none
My roommate closed the door because he doesn't want to talk to me.!!!((,mind_reading
"Every time I try something new, I fail.",OVERGENERALIZATION
A single bad decision could destroy everything.,CATASTROPHIZING
"if this presentation goes badly, everyone will remember it forever.",catastrophizing
Portugal has never won the FIFA World Cup.,none
He hasn't texted me because he doesn't like me anymore., mind_reading 
<p>The customer was unhappy because I handled the situation badly.</p>, personalization 
I STUDIED FOR THREE HOURS BEFORE THE EXAM., none 
the group didn't finish on time because i wasn't useful enough.,personalization
   She smiled at everyone except me because she dislikes me. 	  ,mind-reading
He didn't reply because he must be angry with me.,mind-reading
"<p>If I lose this competition, all my hard work was worthless.</p>",catastrophizing
   Nobody ever listens to what I say. 	  ,overgeneralization
MY FRIEND STOPPED TALKING BECAUSE I MUST HAVE DONE SOMETHING WRONG., personalization 
<p>The library closes at eight in the evening.</p>,NONE
,none
, none 
<div>The train arrived ten minutes late today.</div>,none
"One customer complained, so all our customers must be unhappy.",
My roommate closed the door because he doesn't want to talk to me.,mind_reading
i made one mistake in the presentation.,none
My manager didn't praise me because she thinks I'm incompetent.,MIND_READING
My teammate is frustrated because I am slowing everyone down.,personalization
"If this relationship ends, I'll never be happy again.", catastrophizing 
<div>They didn't invite me because they don't want me around.</div>,
He is in a bad mood because of me.,personalization
"If I lose this job, I'll never recover.",catastrophizing
THEY DIDN'T INVITE ME BECAUSE THEY DON'T WANT ME AROUND.,mind_reading
"my team lost today, so we can never win.",overgeneralization
One rejection could mean I have no future in this field.,catastrophizing
The project failed because I wasn't capable enough.,personalization
Portugal has never won the FIFA World Cup.,none
One mistake will completely ruin my future.,catastrophizing
<div>The restaurant was crowded on Saturday.</div>,none
,none
   The company hired five new engineers this month. 	  , none 
"If this presentation goes badly, everyone will remember it forever.", catastrophizing 
HE HASN'T TEXTED ME BECAUSE HE DOESN'T LIKE ME ANYMORE.,mind_reading
A single bad decision could destroy everything.,
THE RECRUITER HASN'T REPLIED BECAUSE THEY THINK I'M UNQUALIFIED., mind_reading 
"If this presentation goes badly, everyone will remember it forever.!!!___",CATASTROPHIZING
"<p>My first attempt didn't work, so the idea is useless.</p>",over_generalization
The presentation was boring because I couldn't make it interesting.!!!`,personalization
"   If I make a mistake in front of the team, I'll lose everyone's respect forever. 	  ",catastrophizing
A SINGLE BAD DECISION COULD DESTROY EVERYTHING.,catastrophizing
my parents argued because i caused too much stress.,personalization
"   I made a mistake at work, so I'm bad at my job. 	  ", overgeneralization 
"The interviewer looked serious, so they probably hated my answers.!!!<<", mind_reading 
He didn't reply because he must be angry with me.!!![[,mind_reading
"I made one awkward comment, so I ruin every conversation.!!!///", overgeneralization 
Portugal has never won the FIFA World Cup.!!!>>>,none
"If I lose this competition, all my hard work was worthless.",CATASTROPHIZING
She smiled at everyone except me because she dislikes me.,
My friend stopped talking because I must have done something wrong.,personalization
The bus was delayed because of traffic.!!!#,none
   He hasn't texted me because he doesn't like me anymore. 	  ,
<div>I prefer tea to coffee.</div>,none
"My first attempt didn't work, so the idea is useless.!!!$$$",OVERGENERALIZATION
Missing this deadline means my career is finished., catastrophizing 
"if my presentation fails, nobody will ever trust me again.", catastrophizing 
My laptop has 16 GB of RAM., none 
   My laptop has 16 GB of RAM. 	  , none 
My friend didn't reply to my message yesterday.,NONE
<p>The project requires Python and a database.</p>,none
MY COLLEAGUE MADE A MISTAKE BECAUSE I DIDN'T EXPLAIN THINGS WELL ENOUGH.,PERSONALIZATION
IT RAINED ON OUR TRIP BECAUSE I PLANNED IT BADLY.,PERSONALIZATION
,PERSONALIZATION
   One rejection could mean I have no future in this field. 	  ,catastrophizing
one bad semester means my whole degree is a failure.,over_generalization
He is in a bad mood because of me.!!!\,personalization
"   Every time I try something new, I fail. 	  ",OVERGENERALIZATION
"I made a mistake at work, so I'm bad at my job.",OVERGENERALIZATION
<div>I prefer tea to coffee.</div>,none
"if my presentation fails, nobody will ever trust me again.",catastrophizing
A single bad decision could destroy everything.!!!>>>,catastrophizing
"   If I lose this competition, all my hard work was worthless. 	  ",catastrophizing
My friend saw my message but didn't answer because she wants to ignore me.,mind-reading
Portugal has never won the FIFA World Cup.,NONE
"<div>My first attempt didn't work, so the idea is useless.</div>",over_generalization
My friend cancelled because I must have offended him.,mind_reading
<div>The bus was delayed because of traffic.</div>,NONE
<p>He chose another teammate because he thinks I'm useless.</p>,mind-reading
<p>The recruiter hasn't replied because they think I'm unqualified.</p>, mind_reading 
He is in a bad mood because of me.,PERSONALIZATION
MY FRIEND CANCELLED BECAUSE I MUST HAVE OFFENDED HIM.,mind_reading
"If I don't get into this college, my life will be a disaster.",
The bus was delayed because of traffic.!!!<,none
"IF THIS RELATIONSHIP ENDS, I'LL NEVER BE HAPPY AGAIN.",catastrophizing
The project requires Python and a database.!!!(((,none
   The party was awkward because I made everyone uncomfortable. 	  ,personalization
A small mistake here could completely ruin everything.!!!++,catastrophizing
   The team missed the deadline because I wasn't good enough. 	  ,personalization
"   One person rejected my idea, so people hate my ideas. 	  ",overgeneralization
They haven't complimented my work because they think it's terrible.,MIND_READING
i made one mistake in the presentation.,none
MY FRIEND DIDN'T REPLY TO MY MESSAGE YESTERDAY.,none
missing this deadline means my career is finished.,catastrophizing
Everyone in my class is smarter than me.!!!., overgeneralization 
Nobody ever listens to what I say.,overgeneralization
"SHE WAS QUIET DURING DINNER, SO SHE MUST BE UPSET WITH ME.",MIND_READING
"   If I don't get into this college, my life will be a disaster. 	  ",catastrophizing
The audience was quiet because they didn't like my presentation.,mind_reading
everyone in my class is smarter than me.,over_generalization
one rejection could mean i have no future in this field.,catastrophizing
,OVERGENERALIZATION
,catastrophizing
The restaurant was crowded on Saturday.,none
,catastrophizing
The presentation was boring because I couldn't make it interesting.,PERSONALIZATION
   The temperature dropped significantly overnight. 	  ,
SHE IS HAVING A BAD DAY BECAUSE I UPSET HER.,PERSONALIZATION
HE HASN'T TEXTED ME BECAUSE HE DOESN'T LIKE ME ANYMORE.,mind-reading
My colleague made a mistake because I didn't explain things well enough.,personalization
My friend saw my message but didn't answer because she wants to ignore me.,mind-reading
   The temperature dropped significantly overnight. 	  ,none
"   If my presentation fails, nobody will ever trust me again. 	  ",catastrophizing
they haven't complimented my work because they think it's terrible., mind_reading 
"i was late today, so i'm always irresponsible.",overgeneralization
<div>The temperature dropped significantly overnight.</div>,none
"I made one awkward comment, so I ruin every conversation.!!!{{",overgeneralization
<div>Every interview I've had has gone terribly.</div>,OVERGENERALIZATION
My parents argued because I caused too much stress.,PERSONALIZATION
"ONE CUSTOMER COMPLAINED, SO ALL OUR CUSTOMERS MUST BE UNHAPPY.",overgeneralization
SHE CHANGED HER MAJOR AFTER HER SECOND YEAR., none 
   He read my message and didn't respond because he's annoyed with me. 	  ,MIND_READING
EVERYONE IN MY CLASS IS SMARTER THAN ME.,overgeneralization
i studied for three hours before the exam.,none
The project failed because I wasn't capable enough., personalization 
   It rained on our trip because I planned it badly. 	  ,personalization
She changed her major after her second year., none 
<p>One rejection could mean I have no future in this field.</p>,CATASTROPHIZING
"She looked away, so she probably thinks I'm boring.!!!,,,",MIND_READING
He chose another teammate because he thinks I'm useless., mind_reading 
i submitted my application before the deadline.,none
the project requires python and a database.,NONE
The company hired five new engineers this month.,NONE
   Everyone became quiet because I said something wrong. 	  ,personalization
,NONE
<p>A bad grade will destroy all my chances of succeeding.</p>,catastrophizing
Nobody ever listens to what I say.,over_generalization
The restaurant was crowded on Saturday.,none
"If my project fails, everything I've worked for will be pointless.",catastrophizing
Everyone became quiet because I said something wrong.,personalization
"   If I lose this job, I'll never recover. 	  ",catastrophizing
THE TRAIN ARRIVED TEN MINUTES LATE TODAY., none 
"<p>I got sick once after eating there, so that restaurant always makes people sick.</p>",overgeneralization
"She sounded tired, so she must be bored of talking to me.",mind_reading
He hasn't texted me because he doesn't like me anymore.,mind_reading
They didn't invite me because they don't want me around.,mind_reading
The temperature dropped significantly overnight.,none
"I DIDN'T GET THIS INTERNSHIP, SO I'LL NEVER GET AN INTERNSHIP.",OVERGENERALIZATION
<div>The team lost the match 2-1.</div>,none
MY FRIEND DIDN'T REPLY TO MY MESSAGE YESTERDAY.,none
The team missed the deadline because I wasn't good enough., personalization 
   The temperature dropped significantly overnight. 	  ,none
"IF I LOSE THIS COMPETITION, ALL MY HARD WORK WAS WORTHLESS.", catastrophizing 
"If I fail this exam, my entire life is over.",CATASTROPHIZING
"if i get rejected, i'll never find another opportunity.",catastrophizing
"<div>The interviewer looked serious, so they probably hated my answers.</div>",mind_reading
My teammate is frustrated because I am slowing everyone down., personalization 
"SHE WAS QUIET DURING DINNER, SO SHE MUST BE UPSET WITH ME.",mind_reading
"I got sick once after eating there, so that restaurant always makes people sick.",
   The company hired five new engineers this month. 	  ,none
,personalization
"She sounded tired, so she must be bored of talking to me.!!!))",mind-reading
"If I make a mistake in front of the team, I'll lose everyone's respect forever.!!!==",CATASTROPHIZING
"If this relationship ends, I'll never be happy again.!!!~~",catastrophizing
Portugal has never won the FIFA World Cup.!!!===,none
The meeting went badly because I ruined it for everyone.,personalization
THEY HAVEN'T COMPLIMENTED MY WORK BECAUSE THEY THINK IT'S TERRIBLE.,mind_reading
"MY FIRST ATTEMPT DIDN'T WORK, SO THE IDEA IS USELESS.",overgeneralization
   Everyone became quiet because I said something wrong. 	  ,personalization
The interview lasted about forty minutes.!!![, none 
   The project failed because I wasn't capable enough. 	  ,personalization
,catastrophizing
She is having a bad day because I upset her.,
My friend cancelled because I must have offended him.,MIND_READING
<div>He read my message and didn't respond because he's annoyed with me.</div>,mind_reading
One bad semester means my whole degree is a failure.,overgeneralization
,none
IT RAINED ON OUR TRIP BECAUSE I PLANNED IT BADLY., personalization 
She is having a bad day because I upset her.!!!{{{,personalization
HE WALKED PAST WITHOUT SAYING HELLO BECAUSE HE IS MAD AT ME.,MIND_READING
"<p>I got sick once after eating there, so that restaurant always makes people sick.</p>",overgeneralization
"   If my presentation fails, nobody will ever trust me again. 	  ", catastrophizing 
portugal has never won the fifa world cup.,none
"I STRUGGLED WITH CALCULUS, SO I'M TERRIBLE AT EVERY SUBJECT.",overgeneralization
The recruiter hasn't replied because they think I'm unqualified.,MIND_READING
"IF I PERFORM BADLY ONCE, I'LL NEVER BE RESPECTED AGAIN.",catastrophizing
<p>They didn't invite me because they don't want me around.</p>,MIND_READING
he chose another teammate because he thinks i'm useless.,mind_reading
<p>Everyone in my class is smarter than me.</p>,overgeneralization
"<div>She sounded tired, so she must be bored of talking to me.</div>", mind_reading 
   The library closes at eight in the evening. 	  ,none
missing this deadline means my career is finished.,catastrophizing
PORTUGAL HAS NEVER WON THE FIFA WORLD CUP.,none
MISSING THIS DEADLINE MEANS MY CAREER IS FINISHED., catastrophizing 
A small mistake here could completely ruin everything.!!!%,catastrophizing
"If I embarrass myself today, I'll never be able to face these people again.",catastrophizing
"<div>If I miss this opportunity, my future is ruined.</div>",CATASTROPHIZING
NOBODY EVER LISTENS TO WHAT I SAY.,OVERGENERALIZATION
THEY DIDN'T INVITE ME BECAUSE THEY DON'T WANT ME AROUND.,MIND_READING
"if this relationship ends, i'll never be happy again.",catastrophizing
the temperature dropped significantly overnight., none 
THE LIBRARY CLOSES AT EIGHT IN THE EVENING.,none
,personalization
<div>The event failed because I organized it poorly.</div>,
   I submitted my application before the deadline. 	  ,NONE
<div>He is in a bad mood because of me.</div>,personalization
My teammate is frustrated because I am slowing everyone down.,personalization
<p>The team missed the deadline because I wasn't good enough.</p>,personalization
"MY TEAM LOST TODAY, SO WE CAN NEVER WIN.",
My roommate closed the door because he doesn't want to talk to me.!!!==,mind_reading
"<div>If I make a mistake in front of the team, I'll lose everyone's respect forever.</div>",catastrophizing
   I studied for three hours before the exam. 	  ,NONE
I STUDIED FOR THREE HOURS BEFORE THE EXAM.,none
THE CUSTOMER WAS UNHAPPY BECAUSE I HANDLED THE SITUATION BADLY.,personalization
"If this relationship ends, I'll never be happy again.!!!?",catastrophizing
The interview lasted about forty minutes.!!!&&&,none
"if this presentation goes badly, everyone will remember it forever.",catastrophizing
"<div>I failed one exam, so I will always fail.</div>",overgeneralization
She smiled at everyone except me because she dislikes me.!!!+,mind_reading
PEOPLE FROM THAT COLLEGE ARE ALL ARROGANT.,overgeneralization
   The company rejected our proposal because I wasn't persuasive enough. 	  ,personalization
The event failed because I organized it poorly.,personalization
"   My professor frowned, so he must think I'm stupid. 	  ",mind_reading
nobody ever listens to what i say.,over_generalization
My friend saw my message but didn't answer because she wants to ignore me.,MIND_READING
A bad grade will destroy all my chances of succeeding.,catastrophizing
I submitted my application before the deadline.,NONE
A single bad decision could destroy everything.,CATASTROPHIZING
one rejection could mean i have no future in this field.,catastrophizing
the team lost the match 2-1.,none
MY PARENTS ARGUED BECAUSE I CAUSED TOO MUCH STRESS., personalization 
I made one mistake in the presentation.,NONE
<p>A single bad decision could destroy everything.</p>,catastrophizing
"If my presentation fails, nobody will ever trust me again.",catastrophizing
   The project failed because I wasn't capable enough. 	  ,personalization
"I made one awkward comment, so I ruin every conversation.", overgeneralization 
She smiled at everyone except me because she dislikes me.,mind_reading
He chose another teammate because he thinks I'm useless.!!!<,MIND_READING
"If I embarrass myself today, I'll never be able to face these people again.!!!@@",catastrophizing
<div>The train arrived ten minutes late today.</div>,none
"She was quiet during dinner, so she must be upset with me.!!!???",mind-reading
The team missed the deadline because I wasn't good enough.,personalization
"<div>If I get rejected, I'll never find another opportunity.</div>",catastrophizing
She changed her major after her second year.,none
The customer was unhappy because I handled the situation badly.,
"SHE WAS QUIET DURING DINNER, SO SHE MUST BE UPSET WITH ME.",mind_reading
<div>The recruiter hasn't replied because they think I'm unqualified.</div>,mind_reading
The project failed because I wasn't capable enough.,PERSONALIZATION
nobody wants to work with me.,OVERGENERALIZATION
"IF I LOSE THIS COMPETITION, ALL MY HARD WORK WAS WORTHLESS.",catastrophizing
   Missing this deadline means my career is finished. 	  ,catastrophizing
"THE INTERVIEWER LOOKED SERIOUS, SO THEY PROBABLY HATED MY ANSWERS.", mind_reading 
my friend cancelled our plans because i wasn't good company., personalization 
it rained on our trip because i planned it badly.,personalization
<div>They haven't complimented my work because they think it's terrible.</div>,mind-reading
"I failed one exam, so I will always fail.!!!^^",overgeneralization
,NONE
The recruiter hasn't replied because they think I'm unqualified.!!!',MIND_READING
The train arrived ten minutes late today.!!!|||,none
They haven't complimented my work because they think it's terrible., mind_reading 
a small mistake here could completely ruin everything.,catastrophizing
I submitted my application before the deadline.,none
"<div>I failed one exam, so I will always fail.</div>",overgeneralization
"One person rejected my idea, so people hate my ideas.",overgeneralization
"I made a mistake at work, so I'm bad at my job.", overgeneralization 
Everyone deserves equal treatment under the law.,none
"<div>If my presentation fails, nobody will ever trust me again.</div>",catastrophizing
"   They laughed after I spoke, so they were definitely laughing at me. 	  ",mind_reading
"Every time I try something new, I fail.!!!`",OVERGENERALIZATION
"One project failed, so none of my projects will ever work.!!!<<",overgeneralization
one bad semester means my whole degree is a failure.,OVERGENERALIZATION
"   If I perform badly once, I'll never be respected again. 	  ",catastrophizing
   My roommate closed the door because he doesn't want to talk to me. 	  ,mind_reading
"MY FRIEND IS UNHAPPY TODAY, SO IT MUST BE BECAUSE OF SOMETHING I DID.",PERSONALIZATION
Portugal has never won the FIFA World Cup.,none
"I made one awkward comment, so I ruin every conversation.",OVERGENERALIZATION
